id,fecha_inicio,fecha_fin,total_ingresos,total_efectivo,total_transferencias,user_id,created_at,updated_at,company_id,check,check_by,check_at
3,2025-07-10 19:10:16.85,2025-07-10 19:30:47.036,550,550,0,7,2025-07-10 19:30:47.049906,2025-07-10 19:30:47.049906,bamo-373009,false,,
4,2025-07-10 19:10:16.739,2025-07-10 19:32:42.636,200,200,0,9,2025-07-10 19:32:42.650868,2025-07-10 19:32:42.650868,bamo-373009,false,,
5,2025-07-10 20:19:00.33,2025-07-10 20:35:47.964,450,450,0,11,2025-07-10 20:35:47.973747,2025-07-10 20:35:47.973747,bamo-373009,false,,
6,2025-07-10 20:41:38.752,2025-07-11 03:22:37.021,100,0,100,5,2025-07-11 03:22:37.032951,2025-07-11 03:22:37.032951,bamo-373009,false,,
7,2025-07-11 05:17:15.16,2025-07-11 05:56:09.306,700,700,0,7,2025-07-11 05:56:09.314461,2025-07-11 05:56:09.314461,bamo-373009,false,,
8,2025-07-11 04:08:25.123,2025-07-11 05:59:53.419,2750,2300,450,5,2025-07-11 05:59:53.431218,2025-07-11 05:59:53.431218,bamo-373009,false,,
9,2025-07-11 06:31:07.059,2025-07-11 15:52:50.544,700,700,0,19,2025-07-11 15:52:50.554015,2025-07-11 15:52:50.554015,bamo-373009,false,,
10,2025-07-11 16:02:51.034,2025-07-11 16:33:41.888,450,450,0,14,2025-07-11 16:33:41.896425,2025-07-16 21:18:07.697,bamo-373009,true,3,2025-07-16 21:18:07.697
11,2025-07-11 05:16:45.214,2025-07-11 16:38:04.432,2500,1800,700,16,2025-07-11 16:38:04.44142,2025-07-29 00:17:53.768,bamo-373009,true,3,2025-07-29 00:17:53.768
12,2025-07-11 15:51:48.354,2025-07-11 16:40:41.014,1700,800,900,11,2025-07-11 16:40:41.020679,2025-07-11 16:40:41.020679,bamo-373009,false,,
13,2025-07-11 16:12:53.119,2025-07-11 16:54:58.743,700,700,0,10,2025-07-11 16:54:58.750681,2025-07-11 16:54:58.750681,bamo-373009,false,,
14,2025-07-11 22:41:14.315,2025-07-11 22:42:22.82,1600,1600,0,19,2025-07-11 22:42:22.829778,2025-07-11 22:42:22.829778,bamo-373009,false,,
15,2025-07-11 22:34:52.437,2025-07-11 23:28:02.174,2050,2050,0,5,2025-07-11 23:28:02.18355,2025-07-11 23:28:02.18355,bamo-373009,false,,
16,2025-07-11 23:15:35.738,2025-07-11 23:32:40.805,450,450,0,14,2025-07-11 23:32:40.816982,2025-07-11 23:32:40.816982,bamo-373009,false,,
17,2025-07-11 22:46:58.344,2025-07-11 23:34:49.23,400,400,0,16,2025-07-11 23:34:49.240329,2025-07-11 23:34:49.240329,bamo-373009,false,,
18,2025-07-12 00:02:32.546,2025-07-12 01:24:31.684,250,250,0,19,2025-07-12 01:24:31.695397,2025-07-12 01:24:31.695397,bamo-373009,false,,
19,2025-07-12 02:49:29.495,2025-07-12 05:27:42.728,400,400,0,14,2025-07-12 05:27:42.738895,2025-07-17 03:03:01.315,bamo-373009,true,3,2025-07-17 03:03:01.315
20,2025-07-12 02:13:55.14,2025-07-12 06:03:08.461,2700,1800,900,16,2025-07-12 06:03:08.467247,2025-07-12 06:03:08.467247,bamo-373009,false,,
21,2025-07-12 01:39:34.029,2025-07-12 06:06:14.832,1350,1350,0,5,2025-07-12 06:06:14.839499,2025-07-17 03:07:31.381,bamo-373009,true,3,2025-07-17 03:07:31.381
22,2025-07-11 20:00:48.511,2025-07-12 16:29:26.969,2200,2100,100,11,2025-07-12 16:29:26.986151,2025-07-16 21:14:07.058,bamo-373009,true,3,2025-07-16 21:14:07.058
23,2025-07-12 16:13:48.337,2025-07-12 16:33:48.785,400,400,0,14,2025-07-12 16:33:48.801941,2025-07-12 16:33:48.801941,bamo-373009,false,,
24,2025-07-12 22:40:32.803,2025-07-12 23:19:37.404,900,900,0,7,2025-07-12 23:19:37.41431,2025-07-16 21:16:27.237,bamo-373009,true,3,2025-07-16 21:16:27.237
25,2025-07-12 22:24:46.876,2025-07-12 23:30:52.63,1300,1300,0,14,2025-07-12 23:30:52.638615,2025-07-16 21:15:08.469,bamo-373009,true,3,2025-07-16 21:15:08.469
26,2025-07-11 03:23:17.517,2025-07-13 00:00:26.053,12735,960,11775,6,2025-07-13 00:00:26.067179,2025-07-13 00:00:26.067179,bamo-373009,false,,
27,2025-07-13 01:36:55.675,2025-07-13 01:37:34.676,200,200,0,20,2025-07-13 01:37:34.687501,2025-07-13 01:37:34.687501,bamo-373009,false,,
28,2025-07-13 01:34:58.888,2025-07-13 04:38:36.66,450,450,0,11,2025-07-13 04:38:36.670542,2025-07-24 07:12:47.438,bamo-373009,true,3,2025-07-24 07:12:47.438
29,2025-07-13 04:04:23.246,2025-07-13 05:33:45.045,2400,2400,0,5,2025-07-13 05:33:45.051848,2025-07-24 07:12:27.501,bamo-373009,true,3,2025-07-24 07:12:27.501
30,2025-07-13 01:20:07.821,2025-07-13 06:28:52.399,5800,600,5200,6,2025-07-13 06:28:52.408845,2025-07-13 06:28:52.408845,bamo-373009,false,,
31,2025-07-11 17:19:37.294,2025-07-13 13:21:07.912,2750,2150,600,4,2025-07-13 13:21:07.921297,2025-07-13 13:21:07.921297,bamo-373009,false,,
32,2025-07-11 22:23:51.585,2025-07-13 16:01:14.688,1700,1700,0,10,2025-07-13 16:01:14.700352,2025-07-13 16:01:14.700352,bamo-373009,false,,
33,2025-07-13 14:45:40.666,2025-07-13 16:25:43.539,2350,2350,0,11,2025-07-13 16:25:43.555513,2025-07-16 19:27:33.891,bamo-373009,true,3,2025-07-16 19:27:33.891
34,2025-07-13 23:21:43.322,2025-07-13 23:27:17.936,450,450,0,11,2025-07-13 23:27:17.946758,2025-07-16 21:21:07.325,bamo-373009,true,3,2025-07-16 21:21:07.325
35,2025-07-13 01:13:02.243,2025-07-13 23:28:35.089,1050,1050,0,14,2025-07-13 23:28:35.098571,2025-07-16 21:19:02.073,bamo-373009,true,3,2025-07-16 21:19:02.073
36,2025-07-14 01:52:24.944,2025-07-14 05:34:28.916,2300,950,1350,14,2025-07-14 05:34:28.925011,2025-07-14 05:34:28.925011,bamo-373009,false,,
37,2025-07-14 04:50:42.024,2025-07-14 05:57:34.777,2500,2500,0,11,2025-07-14 05:57:34.786663,2025-07-16 21:12:51.356,bamo-373009,true,3,2025-07-16 21:12:51.356
38,2025-07-14 15:35:03.03,2025-07-14 15:58:39.861,1350,1350,0,11,2025-07-14 15:58:39.871359,2025-07-17 06:29:56.553,bamo-373009,true,3,2025-07-17 06:29:56.553
39,2025-07-14 16:04:23.111,2025-07-14 16:14:21.678,1750,1300,450,14,2025-07-14 16:14:21.687072,2025-07-14 16:14:21.687072,bamo-373009,false,,
40,2025-07-14 06:14:10.435,2025-07-14 16:19:40.202,3000,300,2700,7,2025-07-14 16:19:40.214816,2025-07-24 07:14:33.876,bamo-373009,true,3,2025-07-24 07:14:33.876
41,2025-07-14 15:12:12.846,2025-07-14 21:30:44.984,5800,5500,300,10,2025-07-14 21:30:44.995853,2025-07-14 21:30:44.995853,bamo-373009,false,,
42,2025-07-14 00:14:13.976,2025-07-14 22:56:54.949,1500,1250,250,20,2025-07-14 22:56:54.957263,2025-07-14 22:56:54.957263,bamo-373009,false,,
43,2025-07-14 23:31:35.473,2025-07-14 23:32:20.633,500,0,500,20,2025-07-14 23:32:20.642798,2025-07-14 23:32:20.642798,bamo-373009,false,,
44,2025-07-14 22:43:07.554,2025-07-14 23:34:12.132,1300,1300,0,14,2025-07-14 23:34:12.141165,2025-07-14 23:34:12.141165,bamo-373009,false,,
45,2025-07-14 21:56:43.257,2025-07-15 04:59:31.848,3250,3250,0,10,2025-07-15 04:59:31.861089,2025-07-15 04:59:31.861089,bamo-373009,false,,
46,2025-07-14 22:36:43.188,2025-07-15 06:01:55.009,2300,1400,900,5,2025-07-15 06:01:55.02851,2025-07-16 21:20:38.004,bamo-373009,true,3,2025-07-16 21:20:38.004
47,2025-07-15 04:55:28.686,2025-07-15 06:02:53.835,2700,2250,450,14,2025-07-15 06:02:53.852367,2025-07-16 08:28:53.226,bamo-373009,true,3,2025-07-16 08:28:53.226
48,2025-07-15 06:08:04.781,2025-07-15 06:11:44.077,450,450,0,7,2025-07-15 06:11:44.095154,2025-07-15 06:11:44.095154,bamo-373009,false,,
49,2025-07-14 22:37:51.134,2025-07-15 06:43:23.026,3790,1000,2790,6,2025-07-15 06:43:23.035786,2025-07-15 06:43:23.035786,bamo-373009,false,,
50,2025-07-13 15:53:01.139,2025-07-15 12:42:43.168,15370,2470,12900,4,2025-07-15 12:42:43.175563,2025-07-15 12:42:43.175563,bamo-373009,false,,
51,2025-07-15 15:48:34.324,2025-07-15 16:20:22.936,450,450,0,11,2025-07-15 16:20:22.945033,2025-07-16 21:14:37.137,bamo-373009,true,3,2025-07-16 21:14:37.137
52,2025-07-15 15:47:43.485,2025-07-15 16:31:10.376,1350,1350,0,10,2025-07-15 16:31:10.383392,2025-07-15 16:31:10.383392,bamo-373009,false,,
53,2025-07-15 16:02:09.259,2025-07-15 16:37:48.045,570,570,0,16,2025-07-15 16:37:48.053141,2025-07-15 16:37:48.053141,bamo-373009,false,,
54,2025-07-15 00:02:57.917,2025-07-15 18:34:01.729,7850,7000,850,13,2025-07-15 18:34:01.747687,2025-07-15 18:34:01.747687,bamo-373009,false,,
55,2025-07-15 22:45:56.677,2025-07-15 23:24:39.217,2260,2260,0,5,2025-07-15 23:24:39.226051,2025-07-16 21:04:23.178,bamo-373009,true,3,2025-07-16 21:04:23.178
56,2025-07-15 22:40:36.457,2025-07-15 23:28:41.391,2200,1800,400,9,2025-07-15 23:28:41.396897,2025-07-18 04:11:02.588,bamo-373009,true,3,2025-07-18 04:11:02.588
57,2025-07-15 23:34:52.361,2025-07-15 23:35:06.548,250,250,0,9,2025-07-15 23:35:06.554215,2025-07-16 21:19:42.23,bamo-373009,true,3,2025-07-16 21:19:42.23
58,2025-07-15 22:55:49.697,2025-07-15 23:36:54.412,2500,2500,0,10,2025-07-15 23:36:54.41802,2025-07-15 23:36:54.41802,bamo-373009,false,,
59,2025-07-16 01:49:16.107,2025-07-16 05:46:10.514,1700,1700,0,5,2025-07-16 05:46:10.526754,2025-07-19 21:30:43.066,bamo-373009,true,3,2025-07-19 21:30:43.066
60,2025-07-16 04:32:27.719,2025-07-16 06:29:20.082,300,0,300,16,2025-07-16 06:29:20.095498,2025-07-16 06:29:20.095498,bamo-373009,false,,
61,2025-07-15 17:58:12.932,2025-07-16 16:28:00.71,4050,2700,1350,11,2025-07-16 16:28:00.722127,2025-07-16 19:23:36.851,bamo-373009,true,3,2025-07-16 19:23:36.851
62,2025-07-16 16:04:21.76,2025-07-16 16:30:33.116,450,450,0,16,2025-07-16 16:30:33.129599,2025-07-16 19:24:45.649,bamo-373009,true,3,2025-07-16 19:24:45.649
63,2025-07-16 15:41:20.063,2025-07-16 16:39:21.384,2200,2000,200,9,2025-07-16 16:39:21.397349,2025-07-16 21:11:44.396,bamo-373009,true,3,2025-07-16 21:11:44.396
64,2025-07-16 20:06:31.975,2025-07-16 20:21:34.1,450,450,0,11,2025-07-16 20:21:34.112784,2025-07-17 03:07:00.258,bamo-373009,true,3,2025-07-17 03:07:00.258
65,2025-07-16 22:02:40.898,2025-07-16 23:20:38.12,1600,1200,400,5,2025-07-16 23:20:38.133694,2025-07-17 03:05:32.939,bamo-373009,true,3,2025-07-17 03:05:32.939
66,2025-07-16 22:46:32.876,2025-07-16 23:22:25.768,400,400,0,9,2025-07-16 23:22:25.777845,2025-07-17 02:39:25.508,bamo-373009,true,3,2025-07-17 02:39:25.508
67,2025-07-16 17:09:55.7,2025-07-16 23:24:53.806,600,0,600,16,2025-07-16 23:24:53.818659,2025-07-17 02:57:05.545,bamo-373009,true,3,2025-07-17 02:57:05.545
68,2025-07-17 02:03:56.907,2025-07-17 05:53:28.91,1750,1750,0,5,2025-07-17 05:53:28.925266,2025-07-19 21:53:15.894,bamo-373009,true,3,2025-07-19 21:53:15.894
69,2025-07-17 06:12:31.499,2025-07-17 06:13:27.7,450,0,450,16,2025-07-17 06:13:27.711058,2025-07-19 22:03:41.401,bamo-373009,true,3,2025-07-19 22:03:41.401
70,2025-07-17 15:47:02.317,2025-07-17 16:52:15.848,5050,5050,0,10,2025-07-17 16:52:15.858831,2025-07-17 16:52:15.858831,bamo-373009,false,,
71,2025-07-15 19:47:44.084,2025-07-17 22:30:58.6,9200,300,8900,6,2025-07-17 22:30:58.608385,2025-07-17 22:30:58.608385,bamo-373009,false,,
72,2025-07-17 22:21:36.818,2025-07-17 23:27:53.43,1100,650,450,5,2025-07-17 23:27:53.443904,2025-07-18 04:12:38.561,bamo-373009,true,3,2025-07-18 04:12:38.561
73,2025-07-17 16:30:54.625,2025-07-17 23:29:15.019,200,0,200,16,2025-07-17 23:29:15.031806,2025-07-17 23:29:15.031806,bamo-373009,false,,
74,2025-07-18 04:30:19.754,2025-07-18 05:58:14.307,450,450,0,16,2025-07-18 05:58:14.318335,2025-07-19 22:20:58.97,bamo-373009,true,3,2025-07-19 22:20:58.97
75,2025-07-18 03:58:15.466,2025-07-18 06:01:00.101,1550,250,1300,5,2025-07-18 06:01:00.110235,2025-07-19 22:14:39.685,bamo-373009,true,3,2025-07-19 22:14:39.685
76,2025-07-18 00:19:11.404,2025-07-18 06:51:35.141,2500,0,2500,6,2025-07-18 06:51:35.155071,2025-07-18 06:51:35.155071,bamo-373009,false,,
77,2025-07-17 16:59:15.033,2025-07-18 12:22:31.803,2325,1275,1050,10,2025-07-18 12:22:31.809302,2025-07-18 12:22:31.809302,bamo-373009,false,,
78,2025-07-18 15:24:14.08,2025-07-18 16:56:15.395,3200,3200,0,10,2025-07-18 16:56:15.401855,2025-07-18 16:56:15.401855,bamo-373009,false,,
79,2025-07-18 20:16:10.851,2025-07-18 20:23:08.458,450,450,0,9,2025-07-18 20:23:08.463839,2025-07-20 19:30:08.72,bamo-373009,true,3,2025-07-20 19:30:08.72
80,2025-07-15 15:38:48.675,2025-07-18 20:49:52.369,13150,550,12600,4,2025-07-18 20:49:52.38082,2025-07-18 20:49:52.38082,bamo-373009,false,,
81,2025-07-17 19:14:22.452,2025-07-18 20:59:12.436,650,450,200,11,2025-07-18 20:59:12.448874,2025-07-20 21:47:19.501,bamo-373009,true,3,2025-07-20 21:47:19.501
82,2025-07-18 19:26:28.879,2025-07-18 21:05:54.293,900,900,0,16,2025-07-18 21:05:54.303476,2025-07-20 19:32:22.408,bamo-373009,true,3,2025-07-20 19:32:22.408
83,2025-07-18 22:32:35.83,2025-07-18 23:25:25.909,2750,1850,900,5,2025-07-18 23:25:25.914424,2025-07-20 21:46:02.585,bamo-373009,true,3,2025-07-20 21:46:02.585
84,2025-07-18 23:37:50.2,2025-07-18 23:38:14.978,800,800,0,9,2025-07-18 23:38:14.983228,2025-07-20 19:30:54.912,bamo-373009,true,3,2025-07-20 19:30:54.912
85,2025-07-18 22:38:21.555,2025-07-18 23:39:28.634,850,850,0,16,2025-07-18 23:39:28.640152,2025-07-20 21:59:46.182,bamo-373009,true,3,2025-07-20 21:59:46.182
86,2025-07-19 00:27:03.266,2025-07-19 02:06:05.3,3900,3900,0,10,2025-07-19 02:06:05.310581,2025-07-19 02:06:05.310581,bamo-373009,false,,
87,2025-07-19 00:21:07.578,2025-07-19 05:53:05.934,1650,750,900,5,2025-07-19 05:53:05.945132,2025-07-20 21:42:39.354,bamo-373009,true,3,2025-07-20 21:42:39.354
88,2025-07-19 03:15:20.469,2025-07-19 07:17:10.428,200,0,200,16,2025-07-19 07:17:10.434185,2025-07-20 21:44:15.577,bamo-373009,true,3,2025-07-20 21:44:15.577
89,2025-07-19 06:34:34.672,2025-07-19 07:34:34.952,450,450,0,9,2025-07-19 07:34:34.955339,2025-07-20 21:44:36.205,bamo-373009,true,3,2025-07-20 21:44:36.205
90,2025-07-18 20:09:24.823,2025-07-19 11:55:07.903,500,500,0,24,2025-07-19 11:55:07.913476,2025-07-19 11:55:07.913476,bamo-373009,false,,
91,2025-07-19 15:21:19.039,2025-07-19 16:19:59.587,250,250,0,7,2025-07-19 16:19:59.595816,2025-07-20 21:48:33.106,bamo-373009,true,3,2025-07-20 21:48:33.106
92,2025-07-19 15:56:58.186,2025-07-19 16:21:03.877,400,400,0,14,2025-07-19 16:21:03.888063,2025-07-20 21:54:46.68,bamo-373009,true,3,2025-07-20 21:54:46.68
93,2025-07-19 19:53:52.167,2025-07-19 20:06:08.659,900,900,0,11,2025-07-19 20:06:08.67123,2025-07-20 19:29:26.102,bamo-373009,true,3,2025-07-20 19:29:26.102
94,2025-07-19 17:06:30.603,2025-07-19 20:08:45.026,3575,2900,675,14,2025-07-19 20:08:45.038866,2025-07-20 19:28:08.28,bamo-373009,true,3,2025-07-20 19:28:08.28
95,2025-07-12 15:46:58.499,2025-07-19 22:05:59.118,20754.97,19654.97,1100,21,2025-07-19 22:05:59.127205,2025-07-19 22:05:59.127205,bamo-373009,false,,
96,2025-07-16 03:07:29.02,2025-07-19 22:12:51.061,6200,6200,0,13,2025-07-19 22:12:51.070072,2025-07-19 22:21:25.694,bamo-373009,true,3,2025-07-19 22:21:25.694
97,2025-07-16 00:21:38.354,2025-07-19 23:05:43.688,5150,4700,450,20,2025-07-19 23:05:43.696037,2025-07-19 23:05:43.696037,bamo-373009,false,,
98,2025-07-19 22:54:22.259,2025-07-19 23:18:36.833,1800,1800,0,7,2025-07-19 23:18:36.840493,2025-07-20 21:40:30.724,bamo-373009,true,3,2025-07-20 21:40:30.724
99,2025-07-19 22:29:07.427,2025-07-19 23:24:49.956,1350,1350,0,14,2025-07-19 23:24:49.964176,2025-07-20 21:40:45.559,bamo-373009,true,3,2025-07-20 21:40:45.559
100,2025-07-19 18:27:43.519,2025-07-20 04:54:56.486,500,500,0,24,2025-07-20 04:54:56.496626,2025-07-20 04:54:56.496626,bamo-373009,false,,
101,2025-07-19 21:16:33.345,2025-07-20 05:10:04.96,1900,400,1500,5,2025-07-20 05:10:04.971991,2025-07-20 21:56:23.124,bamo-373009,true,3,2025-07-20 21:56:23.124
102,2025-07-20 02:22:05.152,2025-07-20 16:03:25.56,2250,1800,450,14,2025-07-20 16:03:25.57124,2025-07-20 19:20:40.247,bamo-373009,true,3,2025-07-20 19:20:40.247
103,2025-07-20 14:44:42.136,2025-07-20 16:04:37.313,4125,2675,1450,11,2025-07-20 16:04:37.32294,2025-07-20 21:58:28.744,bamo-373009,true,3,2025-07-20 21:58:28.744
104,2025-07-19 22:48:50.201,2025-07-20 16:22:58.998,4250,3350,900,21,2025-07-20 16:22:59.006206,2025-07-20 16:22:59.006206,bamo-373009,false,,
105,2025-07-19 06:47:42.545,2025-07-20 18:19:17.651,14780,13980,800,26,2025-07-20 18:19:17.661076,2025-07-20 22:00:25.777,bamo-373009,true,3,2025-07-20 22:00:25.777
106,2025-07-20 17:14:33.386,2025-07-20 18:28:51.309,200,200,0,24,2025-07-20 18:28:51.318729,2025-07-20 18:28:51.318729,bamo-373009,false,,
107,2025-07-20 17:20:01.709,2025-07-20 19:49:14.62,200,0,200,14,2025-07-20 19:49:14.632576,2025-07-20 19:49:14.632576,bamo-373009,false,,
108,2025-07-20 02:52:42.564,2025-07-20 19:50:41.874,300,300,0,7,2025-07-20 19:50:41.884333,2025-07-22 22:55:15.774,bamo-373009,true,3,2025-07-22 22:55:15.774
109,2025-07-20 18:19:21.627,2025-07-20 20:08:41.39,4850,4850,0,11,2025-07-20 20:08:41.402241,2025-07-22 21:51:16.719,bamo-373009,true,3,2025-07-22 21:51:16.719
110,2025-07-20 22:45:53.095,2025-07-20 23:07:11.93,1450,1450,0,11,2025-07-20 23:07:11.941795,2025-07-21 03:19:47.377,bamo-373009,true,3,2025-07-21 03:19:47.377
111,2025-07-20 23:18:11.084,2025-07-20 23:18:17.76,350,350,0,7,2025-07-20 23:18:17.769818,2025-07-20 23:18:17.769818,bamo-373009,false,,
112,2025-07-20 22:11:10.498,2025-07-20 23:21:35.685,5240,4840,400,21,2025-07-20 23:21:35.694973,2025-07-20 23:21:35.694973,bamo-373009,false,,
113,2025-07-19 06:27:01.601,2025-07-21 01:55:46.416,3100,3100,0,27,2025-07-21 01:55:46.432111,2025-07-21 01:55:46.432111,bamo-373009,false,,
114,2025-07-21 02:22:21.325,2025-07-21 05:49:43.776,700,0,700,24,2025-07-21 05:49:43.789499,2025-07-21 05:49:43.789499,bamo-373009,false,,
115,2025-07-20 23:26:14.019,2025-07-21 06:20:25.171,1850,800,1050,14,2025-07-21 06:20:25.181446,2025-07-21 06:20:25.181446,bamo-373009,false,,
116,2025-07-21 04:42:03.595,2025-07-21 06:43:10.665,5230,4730,500,11,2025-07-21 06:43:10.675439,2025-07-24 05:26:49.185,bamo-373009,true,3,2025-07-24 05:26:49.185
117,2025-07-21 15:32:37.334,2025-07-21 16:11:43.371,2250,1350,900,11,2025-07-21 16:11:43.380439,2025-07-22 22:02:05.572,bamo-373009,true,3,2025-07-22 22:02:05.572
118,2025-07-21 15:29:57.932,2025-07-21 16:12:43.853,4900,4900,0,10,2025-07-21 16:12:43.86496,2025-07-21 16:12:43.86496,bamo-373009,false,,
119,2025-07-21 15:53:25.732,2025-07-21 16:21:36.871,1400,1400,0,7,2025-07-21 16:21:36.879868,2025-07-22 22:38:34.315,bamo-373009,true,3,2025-07-22 22:38:34.315
120,2025-07-21 15:08:08.334,2025-07-21 16:23:42.662,400,0,400,14,2025-07-21 16:23:42.671809,2025-07-22 21:53:05.064,bamo-373009,true,3,2025-07-22 21:53:05.064
121,2025-07-21 16:59:20.244,2025-07-21 20:19:19.807,1125,225,900,11,2025-07-21 20:19:19.816149,2025-07-26 21:52:37.356,bamo-373009,true,3,2025-07-26 21:52:37.356
122,2025-07-21 19:21:13.923,2025-07-21 20:21:48.672,450,0,450,7,2025-07-21 20:21:48.682394,2025-07-26 20:51:32.786,bamo-373009,true,3,2025-07-26 20:51:32.786
123,2025-07-21 19:44:28.33,2025-07-21 20:23:48.793,1350,1350,0,14,2025-07-21 20:23:48.802315,2025-07-26 20:33:29.379,bamo-373009,true,3,2025-07-26 20:33:29.379
124,2025-07-21 19:27:31.735,2025-07-21 23:12:29.193,4070,4070,0,10,2025-07-21 23:12:29.204472,2025-07-21 23:12:29.204472,bamo-373009,false,,
125,2025-07-21 20:34:40.937,2025-07-21 23:12:35.574,200,200,0,14,2025-07-21 23:12:35.585392,2025-07-23 21:10:44.989,bamo-373009,true,3,2025-07-23 21:10:44.989
126,2025-07-21 21:00:18.309,2025-07-21 23:15:00.313,6200,6200,0,5,2025-07-21 23:15:00.322306,2025-07-24 05:20:14.605,bamo-373009,true,3,2025-07-24 05:20:14.605
127,2025-07-22 03:58:51.773,2025-07-22 15:41:33.21,200,0,200,24,2025-07-22 15:41:33.215815,2025-07-22 15:41:33.215815,bamo-373009,false,,
128,2025-07-22 15:32:48.615,2025-07-22 16:08:11.002,4300,3400,900,11,2025-07-22 16:08:11.014155,2025-07-24 05:43:52.766,bamo-373009,true,3,2025-07-24 05:43:52.766
129,2025-07-19 23:21:59.573,2025-07-22 23:21:33.111,3650,850,2800,16,2025-07-22 23:21:33.120687,2025-07-26 20:32:25.764,bamo-373009,true,3,2025-07-26 20:32:25.764
130,2025-07-22 22:35:07.943,2025-07-22 23:22:04.518,1050,1050,0,5,2025-07-22 23:22:04.528594,2025-07-26 21:45:10.25,bamo-373009,true,3,2025-07-26 21:45:10.25
131,2025-07-22 15:18:38.594,2025-07-22 23:50:00.038,14845,13995,850,10,2025-07-22 23:50:00.047141,2025-07-22 23:50:00.047141,bamo-373009,false,,
132,2025-07-20 15:36:16.793,2025-07-23 01:48:50.073,8280,6280,2000,20,2025-07-23 01:48:50.083355,2025-07-23 01:48:50.083355,bamo-373009,false,,
133,2025-07-22 22:06:51.682,2025-07-23 05:24:57.102,360,0,360,24,2025-07-23 05:24:57.114981,2025-07-23 05:24:57.114981,bamo-373009,false,,
134,2025-07-23 00:03:16.529,2025-07-23 06:05:14.619,3750,3300,450,5,2025-07-23 06:05:14.629818,2025-07-24 05:06:09.991,bamo-373009,true,3,2025-07-24 05:06:09.991
135,2025-07-23 05:51:55.215,2025-07-23 06:05:47.761,1650,450,1200,9,2025-07-23 06:05:47.771868,2025-07-24 05:04:32.19,bamo-373009,true,3,2025-07-24 05:04:32.19
136,2025-07-23 00:37:32.289,2025-07-23 06:08:18.117,1600,1400,200,16,2025-07-23 06:08:18.127791,2025-07-24 05:18:13.887,bamo-373009,true,3,2025-07-24 05:18:13.887
137,2025-07-18 23:13:42.444,2025-07-23 06:34:46.491,21550,400,21150,6,2025-07-23 06:34:46.502612,2025-07-23 06:34:46.502612,bamo-373009,false,,
138,2025-07-23 03:55:42.558,2025-07-23 16:47:27.829,5170,5170,0,10,2025-07-23 16:47:27.832854,2025-07-23 17:36:21.201,bamo-373009,true,3,2025-07-23 17:36:21.201
139,2025-07-15 21:14:31.545,2025-07-23 17:04:56.291,5450,1000,4450,22,2025-07-23 17:04:56.298464,2025-07-23 17:04:56.298464,bamo-373009,false,,
140,2025-07-23 17:10:41.665,2025-07-23 17:53:04.194,500,500,0,10,2025-07-23 17:53:04.205877,2025-07-23 17:54:25.467,bamo-373009,true,3,2025-07-23 17:54:25.467
141,2025-07-22 06:22:02.973,2025-07-23 22:05:30.348,6670,6670,0,8,2025-07-23 22:05:30.355479,2025-07-23 22:05:30.355479,bamo-373009,false,,
142,2025-07-23 18:44:10.33,2025-07-23 23:10:46.178,2050,1150,900,16,2025-07-23 23:10:46.184612,2025-07-26 21:56:31.701,bamo-373009,true,3,2025-07-26 21:56:31.701
143,2025-07-23 22:46:03.274,2025-07-23 23:21:19.862,900,900,0,11,2025-07-23 23:21:19.867746,2025-07-26 21:55:10.83,bamo-373009,true,3,2025-07-26 21:55:10.83
144,2025-07-23 21:41:22.755,2025-07-23 23:22:04.058,1800,1800,0,10,2025-07-23 23:22:04.062654,2025-07-24 05:18:58.499,bamo-373009,true,3,2025-07-24 05:18:58.499
145,2025-07-24 00:11:10.411,2025-07-24 05:51:08.964,350,200,150,11,2025-07-24 05:51:08.9758,2025-07-26 22:23:12.752,bamo-373009,true,3,2025-07-26 22:23:12.752
146,2025-07-24 05:32:39.704,2025-07-24 05:56:50.399,2250,2250,0,9,2025-07-24 05:56:50.410361,2025-07-26 21:58:57.038,bamo-373009,true,3,2025-07-26 21:58:57.038
147,2025-07-24 00:23:04.457,2025-07-24 05:58:57.014,200,200,0,16,2025-07-24 05:58:57.025711,2025-07-26 21:57:15.748,bamo-373009,true,3,2025-07-26 21:57:15.748
148,2025-07-24 15:45:11.387,2025-07-24 16:21:19.651,900,900,0,11,2025-07-24 16:21:19.657329,2025-07-26 20:26:36.245,bamo-373009,true,3,2025-07-26 20:26:36.245
149,2025-07-24 16:13:03.141,2025-07-24 16:43:19.965,1020,120,900,16,2025-07-24 16:43:19.975802,2025-07-26 21:06:24.064,bamo-373009,true,3,2025-07-26 21:06:24.064
150,2025-07-23 19:17:16.355,2025-07-24 16:55:40.423,200,0,200,24,2025-07-24 16:55:40.433705,2025-07-24 16:55:40.433705,bamo-373009,false,,
151,2025-07-24 16:47:59.224,2025-07-24 17:28:46.78,600,150,450,16,2025-07-24 17:28:46.792145,2025-07-24 17:28:46.792145,bamo-373009,false,,
152,2025-07-24 15:38:07.844,2025-07-24 22:10:53.352,4950,4550,400,10,2025-07-24 22:10:53.354098,2025-07-25 18:47:20.322,bamo-373009,true,3,2025-07-25 18:47:20.322
153,2025-07-24 22:16:28.503,2025-07-24 23:19:20.462,2500,2300,200,10,2025-07-24 23:19:20.481863,2025-07-25 18:46:18.131,bamo-373009,true,3,2025-07-25 18:46:18.131
154,2025-07-24 21:40:12.774,2025-07-24 23:26:15.442,2900,2900,0,5,2025-07-24 23:26:15.457412,2025-07-26 21:10:07.856,bamo-373009,true,3,2025-07-26 21:10:07.856
155,2025-07-24 23:07:35.079,2025-07-24 23:31:48.187,1200,1100,100,9,2025-07-24 23:31:48.19843,2025-07-26 21:11:08.622,bamo-373009,true,3,2025-07-26 21:11:08.622
156,2025-07-24 23:03:59.103,2025-07-24 23:34:15.771,1350,1350,0,16,2025-07-24 23:34:15.783631,2025-07-26 21:11:48.598,bamo-373009,true,3,2025-07-26 21:11:48.598
157,2025-07-24 23:42:20.904,2025-07-24 23:43:41.136,400,400,0,9,2025-07-24 23:43:41.144902,2025-07-26 21:11:29.311,bamo-373009,true,3,2025-07-26 21:11:29.311
158,2025-07-25 04:49:24.273,2025-07-25 06:05:55.192,3150,3150,0,5,2025-07-25 06:05:55.202985,2025-07-26 21:44:22.944,bamo-373009,true,3,2025-07-26 21:44:22.944
159,2025-07-25 00:31:40.287,2025-07-25 06:45:30.229,1400,0,1400,6,2025-07-25 06:45:30.237826,2025-07-25 06:45:30.237826,bamo-373009,false,,
160,2025-07-25 14:31:25.209,2025-07-25 14:41:31.203,750,150,600,11,2025-07-25 14:41:31.209998,2025-07-26 21:08:41.312,bamo-373009,true,3,2025-07-26 21:08:41.312
161,2025-07-25 15:39:56.132,2025-07-25 16:10:50.212,3750,3250,500,21,2025-07-25 16:10:50.223109,2025-07-25 18:50:58.872,bamo-373009,true,3,2025-07-25 18:50:58.872
162,2025-07-25 14:55:05.821,2025-07-25 16:17:13.95,3700,3700,0,11,2025-07-25 16:17:13.960372,2025-07-26 21:46:25.748,bamo-373009,true,3,2025-07-26 21:46:25.748
163,2025-07-25 17:40:53.844,2025-07-25 20:17:16.537,4350,4350,0,21,2025-07-25 20:17:16.548638,2025-07-26 22:23:59.789,bamo-373009,true,3,2025-07-26 22:23:59.789
164,2025-07-21 05:28:02.496,2025-07-25 22:34:55.449,9300,7550,1750,13,2025-07-25 22:34:55.459254,2025-07-26 22:25:22.385,bamo-373009,true,3,2025-07-26 22:25:22.385
165,2025-07-25 22:45:07.785,2025-07-25 23:20:52.084,3750,3750,0,10,2025-07-25 23:20:52.095488,2025-07-26 22:24:48.075,bamo-373009,true,3,2025-07-26 22:24:48.075
166,2025-07-25 22:47:07.724,2025-07-25 23:26:43.482,1350,450,900,5,2025-07-25 23:26:43.495968,2025-07-29 00:12:16.145,bamo-373009,true,3,2025-07-29 00:12:16.145
167,2025-07-26 03:08:22.674,2025-07-26 05:29:25.297,800,400,400,16,2025-07-26 05:29:25.308164,2025-07-26 05:29:25.308164,bamo-373009,false,,
168,2025-07-26 02:11:44.26,2025-07-26 05:51:28.988,3550,2250,1300,5,2025-07-26 05:51:29.001211,2025-07-27 06:51:26.794,bamo-373009,true,3,2025-07-27 06:51:26.794
169,2025-07-26 05:51:05.046,2025-07-26 05:52:00.621,1350,1350,0,16,2025-07-26 05:52:00.635382,2025-07-27 07:05:56.431,bamo-373009,true,3,2025-07-27 07:05:56.431
170,2025-07-26 05:55:15.04,2025-07-26 05:55:22.508,450,450,0,9,2025-07-26 05:55:22.521798,2025-07-27 07:06:06.582,bamo-373009,true,3,2025-07-27 07:06:06.582
171,2025-07-26 15:19:47.249,2025-07-26 16:06:38.695,2150,2150,0,21,2025-07-26 16:06:38.705974,2025-07-27 07:15:27.615,bamo-373009,true,3,2025-07-27 07:15:27.615
172,2025-07-26 16:01:39.281,2025-07-26 16:24:58.736,450,450,0,7,2025-07-26 16:24:58.744697,2025-07-31 06:21:21.567,bamo-373009,true,3,2025-07-31 06:21:21.567
173,2025-07-22 06:02:41.587,2025-07-26 16:39:01.845,1900,1600,300,14,2025-07-26 16:39:01.856259,2025-07-31 06:21:05.507,bamo-373009,true,3,2025-07-31 06:21:05.507
174,2025-07-12 05:43:36.413,2025-07-26 16:39:38.416,18520,17470,1050,19,2025-07-26 16:39:38.429184,2025-07-26 16:39:38.429184,bamo-373009,false,,
175,2025-07-26 19:20:20.661,2025-07-26 20:26:40.424,900,900,0,14,2025-07-26 20:26:40.434879,2025-07-29 00:11:09.95,bamo-373009,true,3,2025-07-29 00:11:09.95
176,2025-07-26 15:06:55.669,2025-07-26 20:29:51.978,4550,3550,1000,11,2025-07-26 20:29:51.990584,2025-07-29 00:10:28.806,bamo-373009,true,3,2025-07-29 00:10:28.806
177,2025-07-26 20:35:18.304,2025-07-26 23:20:09.51,2620,1470,1150,21,2025-07-26 23:20:09.51885,2025-07-29 06:31:35.594,bamo-373009,true,3,2025-07-29 06:31:35.594
178,2025-07-26 23:28:56.155,2025-07-26 23:29:14.248,450,450,0,21,2025-07-26 23:29:14.25709,2025-07-29 06:31:41.628,bamo-373009,true,3,2025-07-29 06:31:41.628
179,2025-07-26 22:52:45.69,2025-07-26 23:30:39.56,950,950,0,5,2025-07-26 23:30:39.570992,2025-07-27 07:14:13.861,bamo-373009,true,3,2025-07-27 07:14:13.861
180,2025-07-26 22:46:35.505,2025-07-26 23:31:07.563,1900,1450,450,7,2025-07-26 23:31:07.574809,2025-07-27 07:13:21.199,bamo-373009,true,3,2025-07-27 07:13:21.199
181,2025-07-26 17:00:52.122,2025-07-27 01:01:18.683,750,750,0,19,2025-07-27 01:01:18.690323,2025-07-27 01:01:18.690323,bamo-373009,false,,
182,2025-07-26 02:44:34.99,2025-07-27 01:40:19.689,4050,4050,0,13,2025-07-27 01:40:19.696894,2025-07-27 07:37:52.178,bamo-373009,true,3,2025-07-27 07:37:52.178
183,2025-07-27 00:39:46.452,2025-07-27 01:50:11.916,100,100,0,24,2025-07-27 01:50:11.925319,2025-07-27 07:41:28.371,bamo-373009,true,3,2025-07-27 07:41:28.371
184,2025-07-27 02:46:17.08,2025-07-27 06:05:49.691,250,250,0,14,2025-07-27 06:05:49.703508,2025-07-27 06:05:49.703508,bamo-373009,false,,
185,2025-07-26 23:49:59.113,2025-07-27 06:09:53.51,2250,2250,0,5,2025-07-27 06:09:53.520891,2025-07-29 06:01:55.035,bamo-373009,true,3,2025-07-29 06:01:55.035
186,2025-07-25 22:47:33.33,2025-07-27 07:04:30.727,8100,0,8100,6,2025-07-27 07:04:30.73584,2025-07-27 07:04:30.73584,bamo-373009,false,,
187,2025-07-27 15:35:10.551,2025-07-27 16:16:50.387,2900,2900,0,11,2025-07-27 16:16:50.396966,2025-07-29 00:07:19.993,bamo-373009,true,3,2025-07-29 00:07:19.993
188,2025-07-27 15:28:47.692,2025-07-27 16:22:18.856,1850,1850,0,21,2025-07-27 16:22:18.868004,2025-07-29 00:05:09.609,bamo-373009,true,3,2025-07-29 00:05:09.609
189,2025-07-27 16:30:16.043,2025-07-27 20:06:25.88,4800,4800,0,21,2025-07-27 20:06:25.893149,2025-07-29 06:32:49.156,bamo-373009,true,3,2025-07-29 06:32:49.156
190,2025-07-27 16:35:00.808,2025-07-27 20:27:30.966,2650,500,2150,11,2025-07-27 20:27:30.973013,2025-07-29 00:02:58.744,bamo-373009,true,3,2025-07-29 00:02:58.744
191,2025-07-27 22:59:05.305,2025-07-27 22:59:15.505,150,150,0,7,2025-07-27 22:59:15.519892,2025-07-28 23:58:48.689,bamo-373009,true,3,2025-07-28 23:58:48.689
192,2025-07-27 20:42:12.633,2025-07-27 23:00:25.805,300,300,0,14,2025-07-27 23:00:25.817976,2025-07-28 23:58:41.145,bamo-373009,true,3,2025-07-28 23:58:41.145
193,2025-07-27 21:43:46.146,2025-07-27 23:14:04.657,3250,3250,0,11,2025-07-27 23:14:04.665567,2025-07-29 00:00:42.923,bamo-373009,true,3,2025-07-29 00:00:42.923
194,2025-07-27 23:35:49.41,2025-07-28 00:24:43.177,3050,2600,450,21,2025-07-28 00:24:43.185596,2025-07-29 06:35:11.81,bamo-373009,true,3,2025-07-29 06:35:11.81
195,2025-07-28 00:34:07.366,2025-07-28 00:37:06.058,450,450,0,21,2025-07-28 00:37:06.067132,2025-07-29 06:35:03.471,bamo-373009,true,3,2025-07-29 06:35:03.471
196,2025-07-27 23:23:21.47,2025-07-28 06:14:35.144,600,400,200,7,2025-07-28 06:14:35.158813,2025-07-30 03:53:34.181,bamo-373009,true,3,2025-07-30 03:53:34.181
197,2025-07-28 01:32:21.661,2025-07-28 06:20:06.341,2100,2100,0,14,2025-07-28 06:20:06.353687,2025-07-29 19:04:03.244,bamo-373009,true,4,2025-07-29 19:04:03.244
198,2025-07-28 02:45:57.715,2025-07-28 06:45:41.939,6600,6600,0,11,2025-07-28 06:45:41.952634,2025-07-29 06:00:24.295,bamo-373009,true,3,2025-07-29 06:00:24.295
199,2025-07-28 06:36:00.267,2025-07-28 06:48:32.851,400,0,400,16,2025-07-28 06:48:32.864136,2025-07-28 06:48:32.864136,bamo-373009,false,,
200,2025-07-28 15:20:16.587,2025-07-28 16:12:49.547,2000,2000,0,11,2025-07-28 16:12:49.564359,2025-07-29 00:18:22.752,bamo-373009,true,3,2025-07-29 00:18:22.752
201,2025-07-28 15:42:06.45,2025-07-28 16:16:41.814,500,500,0,7,2025-07-28 16:16:41.83145,2025-07-29 00:33:32.045,bamo-373009,true,3,2025-07-29 00:33:32.045
202,2025-07-28 06:44:20.97,2025-07-28 16:27:50.318,2200,2200,0,14,2025-07-28 16:27:50.338416,2025-07-29 00:33:12.548,bamo-373009,true,3,2025-07-29 00:33:12.548
203,2025-07-28 17:01:28.771,2025-07-28 20:27:09.655,3200,2300,900,11,2025-07-28 20:27:09.683062,2025-07-29 06:22:41.016,bamo-373009,true,3,2025-07-29 06:22:41.016
204,2025-07-28 20:29:43.61,2025-07-28 20:29:56.622,450,450,0,11,2025-07-28 20:29:56.649807,2025-07-29 06:23:49.854,bamo-373009,true,3,2025-07-29 06:23:49.854
205,2025-07-28 15:28:33.092,2025-07-28 21:27:57.287,5050,5050,0,10,2025-07-28 21:27:57.294468,2025-07-30 03:16:16.368,bamo-373009,true,3,2025-07-30 03:16:16.368
206,2025-07-28 19:17:48.546,2025-07-28 23:07:49.53,200,0,200,7,2025-07-28 23:07:49.537608,2025-07-28 23:07:49.537608,bamo-373009,false,,
207,2025-07-28 21:44:02.602,2025-07-28 23:09:53.679,4100,4100,0,11,2025-07-28 23:09:53.687921,2025-07-29 05:58:46.176,bamo-373009,true,3,2025-07-29 05:58:46.176
208,2025-07-28 22:16:03.561,2025-07-28 23:10:17,1700,1700,0,14,2025-07-28 23:10:17.007419,2025-07-30 20:12:59.73,bamo-373009,true,3,2025-07-30 20:12:59.73
209,2025-07-28 22:50:16.671,2025-07-29 05:15:09.862,2200,1850,350,10,2025-07-29 05:15:09.873278,2025-07-30 03:21:59.727,bamo-373009,true,3,2025-07-30 03:21:59.727
210,2025-07-29 02:52:44.597,2025-07-29 05:19:17.225,450,450,0,7,2025-07-29 05:19:17.238772,2025-07-30 03:03:20.188,bamo-373009,true,3,2025-07-30 03:03:20.188
211,2025-07-29 00:59:00.149,2025-07-29 05:28:21.946,800,350,450,11,2025-07-29 05:28:21.956281,2025-07-30 03:25:00.199,bamo-373009,true,3,2025-07-30 03:25:00.199
212,2025-07-28 21:47:23.865,2025-07-29 06:29:43.183,4150,0,4150,6,2025-07-29 06:29:43.195268,2025-07-29 06:29:43.195268,bamo-373009,false,,
213,2025-07-29 15:05:35.851,2025-07-29 16:03:14.17,2700,2700,0,11,2025-07-29 16:03:14.177341,2025-07-30 20:37:43.383,bamo-373009,true,3,2025-07-30 20:37:43.383
214,2025-07-29 15:31:15.267,2025-07-29 16:24:47.89,3200,3200,0,10,2025-07-29 16:24:47.895818,2025-07-30 03:10:34.13,bamo-373009,true,3,2025-07-30 03:10:34.13
215,2025-07-29 17:18:09.522,2025-07-29 20:17:57.111,2600,1250,1350,11,2025-07-29 20:17:57.126286,2025-07-30 03:09:18.598,bamo-373009,true,3,2025-07-30 03:09:18.598
216,2025-07-29 23:16:08.993,2025-07-29 23:16:32.702,1200,1200,0,9,2025-07-29 23:16:32.711174,2025-07-31 06:19:22.049,bamo-373009,true,3,2025-07-31 06:19:22.049
217,2025-07-29 21:41:00.604,2025-07-29 23:30:02.28,1850,1850,0,10,2025-07-29 23:30:02.293346,2025-07-31 20:17:25.012,bamo-373009,true,3,2025-07-31 20:17:25.012
218,2025-07-30 05:09:08.762,2025-07-30 05:23:28.043,380,0,380,16,2025-07-30 05:23:28.052744,2025-07-31 06:02:41.314,bamo-373009,true,3,2025-07-31 06:02:41.314
219,2025-07-30 05:27:27.6,2025-07-30 05:56:27.786,520,520,0,9,2025-07-30 05:56:27.798268,2025-07-31 06:02:56.625,bamo-373009,true,3,2025-07-31 06:02:56.625
220,2025-07-29 23:31:10.233,2025-07-30 06:06:50.968,5300,4400,900,5,2025-07-30 06:06:50.977941,2025-07-31 06:05:46.551,bamo-373009,true,3,2025-07-31 06:05:46.551
221,2025-07-30 15:34:50.816,2025-07-30 16:16:23.005,3320,3320,0,10,2025-07-30 16:16:23.018772,2025-07-31 20:17:33.77,bamo-373009,true,3,2025-07-31 20:17:33.77
222,2025-07-30 16:05:05.603,2025-07-30 16:46:29.285,450,450,0,11,2025-07-30 16:46:29.295123,2025-07-30 20:35:56.763,bamo-373009,true,3,2025-07-30 20:35:56.763
223,2025-07-30 16:00:55.912,2025-07-30 16:53:29.991,450,450,0,9,2025-07-30 16:53:30.000652,2025-07-31 06:11:20.116,bamo-373009,true,3,2025-07-31 06:11:20.116
224,2025-07-30 16:29:44.304,2025-07-30 16:54:09.903,1150,1150,0,16,2025-07-30 16:54:09.911833,2025-07-31 06:11:25.301,bamo-373009,true,3,2025-07-31 06:11:25.301
225,2025-07-30 22:25:35.596,2025-07-30 23:16:03.71,1000,1000,0,9,2025-07-30 23:16:03.721255,2025-07-31 06:08:45.867,bamo-373009,true,3,2025-07-31 06:08:45.867
226,2025-07-30 22:48:49.67,2025-07-30 23:17:44.714,450,450,0,16,2025-07-30 23:17:44.724523,2025-07-31 06:08:20.269,bamo-373009,true,3,2025-07-31 06:08:20.269
227,2025-07-30 21:15:09.807,2025-07-30 23:19:54.726,2250,2250,0,5,2025-07-30 23:19:54.736066,2025-07-31 06:09:43.845,bamo-373009,true,3,2025-07-31 06:09:43.845
228,2025-07-30 23:01:47.777,2025-07-30 23:20:37.493,2480,2480,0,10,2025-07-30 23:20:37.504839,2025-07-31 05:54:12.06,bamo-373009,true,3,2025-07-31 05:54:12.06
229,2025-07-27 01:04:40.595,2025-07-31 04:13:48.132,14850,14500,350,28,2025-07-31 04:13:48.136542,2025-07-31 06:21:44.646,bamo-373009,true,3,2025-07-31 06:21:44.646
230,2025-07-31 05:53:16.551,2025-07-31 05:55:40.39,450,0,450,9,2025-07-31 05:55:40.401796,2025-08-01 16:31:19.808,bamo-373009,true,3,2025-08-01 16:31:19.808
231,2025-07-31 02:26:01.577,2025-07-31 05:57:04.379,1300,850,450,16,2025-07-31 05:57:04.393449,2025-08-01 16:32:14.963,bamo-373009,true,3,2025-08-01 16:32:14.963
232,2025-07-31 04:33:06.555,2025-07-31 06:06:00.989,1850,1400,450,5,2025-07-31 06:06:01.000783,2025-08-01 16:26:34.66,bamo-373009,true,3,2025-08-01 16:26:34.66
233,2025-07-30 01:17:43.252,2025-07-31 06:47:36.994,10870,0,10870,6,2025-07-31 06:47:37.00396,2025-07-31 06:47:37.00396,bamo-373009,false,,
234,2025-07-31 15:28:06.16,2025-07-31 16:11:58.548,2550,2550,0,10,2025-07-31 16:11:58.557357,2025-08-01 17:44:34.329,bamo-373009,true,3,2025-08-01 17:44:34.329
235,2025-07-31 15:38:41.205,2025-07-31 16:36:53.173,1350,1350,0,11,2025-07-31 16:36:53.183489,2025-08-01 16:36:39.483,bamo-373009,true,3,2025-08-01 16:36:39.483
236,2025-07-31 16:01:12.955,2025-07-31 16:38:30.293,800,800,0,9,2025-07-31 16:38:30.300723,2025-08-01 16:35:49.963,bamo-373009,true,3,2025-08-01 16:35:49.963
237,2025-07-27 09:53:10.909,2025-07-31 20:14:58.997,11120,11000,120,19,2025-07-31 20:14:59.010384,2025-07-31 20:26:36.896,bamo-373009,true,3,2025-07-31 20:26:36.896
238,2025-07-31 21:50:16.672,2025-07-31 23:26:49.396,3250,2800,450,10,2025-07-31 23:26:49.403845,2025-08-02 06:37:07.792,bamo-373009,true,3,2025-08-02 06:37:07.792
239,2025-07-31 23:15:25.99,2025-08-01 00:00:51.39,1400,1400,0,9,2025-08-01 00:00:51.403744,2025-08-02 06:00:45.318,bamo-373009,true,3,2025-08-02 06:00:45.318
240,2025-07-31 22:29:16.761,2025-08-01 00:04:45.13,5050,3650,1400,16,2025-08-01 00:04:45.14153,2025-08-02 06:00:38.733,bamo-373009,true,3,2025-08-02 06:00:38.733
241,2025-07-31 22:25:49.125,2025-08-01 00:18:33.095,4700,1650,3050,5,2025-08-01 00:18:33.109047,2025-08-03 21:48:57.519,bamo-373009,true,3,2025-08-03 21:48:57.519
242,2025-08-01 02:21:21.856,2025-08-01 05:48:19.94,700,0,700,16,2025-08-01 05:48:19.949019,2025-08-01 05:48:19.949019,bamo-373009,false,,
243,2025-08-01 05:51:42.869,2025-08-01 05:54:46.931,900,450,450,9,2025-08-01 05:54:46.938325,2025-08-02 06:57:43.85,bamo-373009,true,3,2025-08-02 06:57:43.85
244,2025-08-01 04:27:25.645,2025-08-01 05:55:28.211,2150,1950,200,5,2025-08-01 05:55:28.219761,2025-08-02 06:17:14.711,bamo-373009,true,3,2025-08-02 06:17:14.711
245,2025-08-01 15:38:15.841,2025-08-01 16:40:10.651,3200,3200,0,9,2025-08-01 16:40:10.666477,2025-08-03 21:49:06.059,bamo-373009,true,3,2025-08-03 21:49:06.059
246,2025-08-01 16:02:17.89,2025-08-01 16:49:53.81,1950,1500,450,10,2025-08-01 16:49:53.828056,2025-08-03 21:48:30.803,bamo-373009,true,3,2025-08-03 21:48:30.803
247,2025-07-31 19:57:34.012,2025-08-01 18:22:44.921,2950,2500,450,11,2025-08-01 18:22:44.930156,2025-08-02 06:09:36.081,bamo-373009,true,3,2025-08-02 06:09:36.081
248,2025-08-01 05:02:48.098,2025-08-01 19:41:55.843,200,0,200,24,2025-08-01 19:41:55.854747,2025-08-01 19:41:55.854747,bamo-373009,false,,
249,2025-08-01 19:53:16.141,2025-08-01 20:01:36.021,450,450,0,16,2025-08-01 20:01:36.033733,2025-08-02 06:46:10.658,bamo-373009,true,3,2025-08-02 06:46:10.658
250,2025-08-01 00:48:39.308,2025-08-01 20:07:39.892,2000,700,1300,14,2025-08-01 20:07:39.904333,2025-08-02 06:45:43.81,bamo-373009,true,3,2025-08-02 06:45:43.81
251,2025-08-01 19:36:57.015,2025-08-01 20:30:24.189,1970,1520,450,11,2025-08-01 20:30:24.196944,2025-08-02 06:39:48.602,bamo-373009,true,3,2025-08-02 06:39:48.602
252,2025-08-01 20:34:30.419,2025-08-01 20:34:42.237,380,380,0,7,2025-08-01 20:34:42.2474,2025-08-02 06:42:34.548,bamo-373009,true,3,2025-08-02 06:42:34.548
253,2025-08-01 22:40:20.236,2025-08-01 23:22:29.311,4800,3450,1350,10,2025-08-01 23:22:29.324384,2025-08-02 17:57:30.508,bamo-373009,true,3,2025-08-02 17:57:30.508
254,2025-08-01 21:09:11.358,2025-08-01 23:25:17.597,1750,1550,200,5,2025-08-01 23:25:17.610684,2025-08-02 06:14:17.038,bamo-373009,true,3,2025-08-02 06:14:17.038
255,2025-08-01 22:51:37.4,2025-08-01 23:26:56.29,1600,1600,0,14,2025-08-01 23:26:56.304647,2025-08-02 06:33:42.402,bamo-373009,true,3,2025-08-02 06:33:42.402
256,2025-07-23 23:06:22.28,2025-08-02 05:43:15.249,32760,30810,1950,20,2025-08-02 05:43:15.260967,2025-08-02 05:43:15.260967,bamo-373009,false,,
257,2025-08-02 04:49:05.783,2025-08-02 05:50:24.053,450,450,0,16,2025-08-02 05:50:24.065375,2025-08-02 17:51:34.395,bamo-373009,true,3,2025-08-02 17:51:34.395
258,2025-08-02 03:51:50.506,2025-08-02 05:54:57.388,3280,1330,1950,5,2025-08-02 05:54:57.402847,2025-08-02 17:55:24.597,bamo-373009,true,3,2025-08-02 17:55:24.597
259,2025-08-02 02:39:05.345,2025-08-02 06:58:09.313,100,0,100,24,2025-08-02 06:58:09.323545,2025-08-02 06:58:09.323545,bamo-373009,false,,
260,2025-08-02 06:58:13.043,2025-08-02 15:02:43.259,100,0,100,24,2025-08-02 15:02:43.268637,2025-08-02 15:02:43.268637,bamo-373009,false,,
261,2025-08-02 15:14:50.809,2025-08-02 16:17:00.738,4600,4600,0,11,2025-08-02 16:17:00.748859,2025-08-03 01:56:29.969,bamo-373009,true,3,2025-08-03 01:56:29.969
262,2025-08-02 16:19:07.06,2025-08-02 16:19:48.141,450,450,0,7,2025-08-02 16:19:48.151472,2025-08-02 16:19:48.151472,bamo-373009,false,,
263,2025-08-02 15:25:19.156,2025-08-02 16:27:23.565,3850,3850,0,21,2025-08-02 16:27:23.574231,2025-08-03 21:48:21.752,bamo-373009,true,3,2025-08-03 21:48:21.752
264,2025-08-02 17:46:05.235,2025-08-02 20:09:19.531,3300,3050,250,11,2025-08-02 20:09:19.541221,2025-08-03 01:59:11.077,bamo-373009,true,3,2025-08-03 01:59:11.077
265,2025-08-02 21:47:07.896,2025-08-02 23:17:23.545,3049.98,2650,399.98,5,2025-08-02 23:17:23.555666,2025-08-05 00:42:21.286,bamo-373009,true,3,2025-08-05 00:42:21.286
266,2025-08-02 20:13:33.386,2025-08-02 23:20:51.91,450,0,450,14,2025-08-02 23:20:51.921391,2025-08-02 23:20:51.921391,bamo-373009,false,,
267,2025-08-02 19:24:29.492,2025-08-02 23:24:28.514,4920,4120,800,21,2025-08-02 23:24:28.526602,2025-08-06 23:22:24.386,bamo-373009,true,3,2025-08-06 23:22:24.386
268,2025-08-03 02:00:29.193,2025-08-03 05:54:22.519,1900.02,1000.02,900,5,2025-08-03 05:54:22.53032,2025-08-05 23:10:41.026,bamo-373009,true,3,2025-08-05 23:10:41.026
269,2025-08-03 14:57:27.077,2025-08-03 16:11:30.349,1900,1900,0,11,2025-08-03 16:11:30.360889,2025-08-05 00:39:55.546,bamo-373009,true,3,2025-08-05 00:39:55.546
270,2025-08-03 16:19:53.989,2025-08-03 16:20:23.669,450,0,450,7,2025-08-03 16:20:23.681733,2025-08-03 16:20:23.681733,bamo-373009,false,,
271,2025-08-03 15:21:36.91,2025-08-03 16:36:06.551,2250,2250,0,21,2025-08-03 16:36:06.562949,2025-08-03 16:36:06.562949,bamo-373009,false,,
272,2025-08-03 18:48:26.546,2025-08-03 19:59:59.935,4150,4150,0,21,2025-08-03 19:59:59.945934,2025-08-05 23:13:10.532,bamo-373009,true,3,2025-08-05 23:13:10.532
273,2025-08-03 22:19:49.845,2025-08-03 23:22:45.945,650,650,0,21,2025-08-03 23:22:46.249399,2025-08-03 23:22:46.249399,bamo-373009,false,,
274,2025-08-03 18:22:51.161,2025-08-03 23:48:13.936,3450,3250,200,11,2025-08-03 23:48:13.94738,2025-08-05 23:07:34.914,bamo-373009,true,3,2025-08-05 23:07:34.914
275,2025-08-03 20:22:46.659,2025-08-03 23:54:40.144,3700,3250,450,14,2025-08-03 23:54:40.15613,2025-08-05 23:05:29.313,bamo-373009,true,3,2025-08-05 23:05:29.313
276,2025-08-04 00:23:44.86,2025-08-04 01:02:19.8,2050,2050,0,11,2025-08-04 01:02:19.810963,2025-08-05 23:16:54.338,bamo-373009,true,3,2025-08-05 23:16:54.338
277,2025-08-03 22:02:21.511,2025-08-04 05:25:11.835,100,0,100,24,2025-08-04 05:25:11.844795,2025-08-04 05:25:11.844795,bamo-373009,false,,
278,2025-08-04 02:02:05.661,2025-08-04 05:29:12.166,2200,2200,0,14,2025-08-04 05:29:12.176445,2025-08-06 23:57:03.799,bamo-373009,true,3,2025-08-06 23:57:03.799
279,2025-08-04 05:47:50.502,2025-08-04 05:49:17.185,200,200,0,7,2025-08-04 05:49:17.193279,2025-08-04 05:49:17.193279,bamo-373009,false,,
280,2025-08-04 02:09:26.323,2025-08-04 06:26:51.614,8500,6450,2050,11,2025-08-04 06:26:51.62434,2025-08-05 00:16:43.883,bamo-373009,true,3,2025-08-05 00:16:43.883
281,2025-08-04 05:40:40.716,2025-08-04 06:36:34.72,3800,3100,700,21,2025-08-04 06:36:34.728586,2025-08-07 23:02:03.42,bamo-373009,true,3,2025-08-07 23:02:03.42
282,2025-08-04 07:33:37.465,2025-08-04 07:52:21.403,250,250,0,21,2025-08-04 07:52:21.413615,2025-08-04 07:52:21.413615,bamo-373009,false,,
283,2025-08-04 15:07:10.109,2025-08-04 16:34:18.804,6150,4900,1250,10,2025-08-04 16:34:18.810731,2025-08-08 01:56:00.343,bamo-373009,true,3,2025-08-08 01:56:00.343
284,2025-08-04 14:24:13.271,2025-08-04 16:41:14.651,2100,2100,0,11,2025-08-04 16:41:14.662408,2025-08-08 05:31:43.628,bamo-373009,true,3,2025-08-08 05:31:43.628
285,2025-08-04 16:43:55.715,2025-08-04 16:44:04.546,200,200,0,11,2025-08-04 16:44:04.555476,2025-08-08 05:31:53.586,bamo-373009,true,3,2025-08-08 05:31:53.586
286,2025-08-04 21:49:11.438,2025-08-04 23:03:49.457,5250,3450,1800,5,2025-08-04 23:03:49.460891,2025-08-05 23:24:55.948,bamo-373009,true,3,2025-08-05 23:24:55.948
287,2025-08-04 22:59:03.311,2025-08-04 23:31:20.83,2300,2300,0,10,2025-08-04 23:31:20.841826,2025-08-07 23:19:12.072,bamo-373009,true,3,2025-08-07 23:19:12.072
288,2025-08-05 04:14:46.995,2025-08-05 05:56:42.253,1750,1750,0,5,2025-08-05 05:56:42.267198,2025-08-08 05:31:15.919,bamo-373009,true,3,2025-08-08 05:31:15.919
289,2025-08-05 05:57:56.648,2025-08-05 05:58:11.273,250,250,0,5,2025-08-05 05:58:11.286715,2025-08-08 05:31:21.946,bamo-373009,true,3,2025-08-08 05:31:21.946
290,2025-08-05 06:00:51.619,2025-08-05 06:01:02.276,450,450,0,5,2025-08-05 06:01:02.285361,2025-08-05 06:01:02.285361,bamo-373009,false,,
291,2025-08-04 15:21:46.755,2025-08-05 13:58:57.286,300,100,200,24,2025-08-05 13:58:57.298559,2025-08-05 13:58:57.298559,bamo-373009,false,,
292,2025-08-05 15:01:29.732,2025-08-05 16:33:08.365,2550,2550,0,11,2025-08-05 16:33:08.372235,2025-08-05 23:20:28.184,bamo-373009,true,3,2025-08-05 23:20:28.184
293,2025-08-05 15:37:05.082,2025-08-05 16:59:52.485,2270,2270,0,21,2025-08-05 16:59:52.493003,2025-08-08 01:34:11.882,bamo-373009,true,3,2025-08-08 01:34:11.882
294,2025-08-05 16:35:03.69,2025-08-05 17:19:34.234,250,250,0,9,2025-08-05 17:19:34.242301,2025-08-08 04:58:49.372,bamo-373009,true,3,2025-08-08 04:58:49.372
295,2025-08-02 06:02:32.808,2025-08-05 17:22:06.994,3150,200,2950,16,2025-08-05 17:22:07.003033,2025-08-08 04:55:59.382,bamo-373009,true,3,2025-08-08 04:55:59.382
296,2025-08-05 16:38:56.954,2025-08-05 20:22:55.168,3100,3100,0,11,2025-08-05 20:22:55.181144,2025-08-08 04:45:36.815,bamo-373009,true,3,2025-08-08 04:45:36.815
297,2025-08-05 18:22:11.411,2025-08-05 20:23:22.356,1800,1000,800,16,2025-08-05 20:23:22.369117,2025-08-08 05:14:07.444,bamo-373009,true,3,2025-08-08 05:14:07.444
298,2025-08-05 17:17:01.718,2025-08-05 23:11:31.96,5620,4620,1000,21,2025-08-05 23:11:31.972183,2025-08-08 01:57:45.479,bamo-373009,true,3,2025-08-08 01:57:45.479
299,2025-08-05 23:29:45.497,2025-08-06 05:48:07.018,800,800,0,9,2025-08-06 05:48:07.029145,2025-08-08 05:13:49.878,bamo-373009,true,3,2025-08-08 05:13:49.878
300,2025-08-05 21:47:13.098,2025-08-06 06:09:35.702,2100,2100,0,5,2025-08-06 06:09:35.712976,2025-08-06 06:09:35.712976,bamo-373009,false,,
301,2025-08-06 14:53:05.674,2025-08-06 16:07:45.744,2300,1700,600,5,2025-08-06 16:07:45.749369,2025-08-06 16:07:45.749369,bamo-373009,false,,
302,2025-08-06 15:53:14.445,2025-08-06 16:56:47.96,3070,3070,0,10,2025-08-06 16:56:47.974574,2025-08-08 01:43:10.561,bamo-373009,true,3,2025-08-08 01:43:10.561
303,2025-08-06 20:48:27.123,2025-08-06 23:37:31.18,6260,6260,0,10,2025-08-06 23:37:31.189177,2025-08-06 23:37:31.189177,bamo-373009,false,,
304,2025-07-31 04:47:18.216,2025-08-07 00:24:27.384,13240,13240,0,13,2025-08-07 00:24:27.390468,2025-08-08 05:15:50.536,bamo-373009,true,3,2025-08-08 05:15:50.536
305,2025-08-06 14:25:59.938,2025-08-07 04:08:02.284,100,0,100,24,2025-08-07 04:08:02.296121,2025-08-07 04:08:02.296121,bamo-373009,false,,
306,2025-08-07 05:47:45.586,2025-08-07 05:53:25.629,650,350,300,9,2025-08-07 05:53:25.640931,2025-08-08 04:44:11.965,bamo-373009,true,3,2025-08-08 04:44:11.965
307,2025-08-06 23:47:50.367,2025-08-07 05:55:02.748,920,720,200,16,2025-08-07 05:55:02.757106,2025-08-08 04:44:06.761,bamo-373009,true,3,2025-08-08 04:44:06.761
308,2025-08-06 22:11:21.01,2025-08-07 05:56:08.844,2050,1350,700,5,2025-08-07 05:56:08.855795,2025-08-08 04:41:04.447,bamo-373009,true,3,2025-08-08 04:41:04.447
309,2025-07-18 20:55:15.17,2025-08-07 14:15:09.958,60275,-4175,64450,4,2025-08-07 14:15:09.972206,2025-08-07 14:15:09.972206,bamo-373009,false,,
310,2025-08-07 16:02:08.724,2025-08-07 16:14:27.817,3100,0,3100,9,2025-08-07 16:14:27.826696,2025-08-07 16:14:27.826696,bamo-373009,false,,
311,2025-08-07 15:36:09.216,2025-08-07 17:02:47.693,3250,3250,0,10,2025-08-07 17:02:47.701396,2025-08-07 17:02:47.701396,bamo-373009,false,,
312,2025-08-07 22:44:39.783,2025-08-07 23:18:48.085,1600,700,900,10,2025-08-07 23:18:48.094528,2025-08-07 23:18:48.094528,bamo-373009,false,,
313,2025-08-07 20:07:28.949,2025-08-07 23:22:04.997,2500,1900,600,5,2025-08-07 23:22:05.006988,2025-08-08 05:05:03.817,bamo-373009,true,3,2025-08-08 05:05:03.817
314,2025-08-07 22:11:58.923,2025-08-07 23:30:43.636,450,450,0,16,2025-08-07 23:30:43.641975,2025-08-07 23:30:43.641975,bamo-373009,false,,
315,2025-08-07 23:38:57.419,2025-08-07 23:39:26.251,50,50,0,9,2025-08-07 23:39:26.260308,2025-08-07 23:39:26.260308,bamo-373009,false,,
316,2025-08-07 23:40:29.957,2025-08-07 23:41:38.254,1200,1200,0,10,2025-08-07 23:41:38.260554,2025-08-07 23:41:38.260554,bamo-373009,false,,
317,2025-08-05 16:59:47.526,2025-08-08 01:52:50.694,4450,3550,900,19,2025-08-08 01:52:50.706381,2025-08-08 05:16:00.908,bamo-373009,true,3,2025-08-08 05:16:00.908
318,2025-08-08 03:23:06.097,2025-08-08 05:35:45.199,1750,1550,200,16,2025-08-08 05:35:45.204828,2025-08-08 05:35:45.204828,bamo-373009,false,,
319,2025-08-08 05:00:16.764,2025-08-08 05:40:36.843,2000,2000,0,9,2025-08-08 05:40:36.848926,2025-08-08 05:40:36.848926,bamo-373009,false,,
320,2025-08-08 03:13:59.18,2025-08-08 05:51:38.424,2300,2300,0,5,2025-08-08 05:51:38.431391,2025-08-08 05:51:38.431391,bamo-373009,false,,
321,2025-08-08 06:02:46.785,2025-08-08 06:02:58.398,450,0,450,9,2025-08-08 06:02:58.407585,2025-08-08 06:02:58.407585,bamo-373009,false,,