id,user_id,type,title,message,related_id,meta_data,read,created_at,updated_at,expires_at
1207,6,reservation_request,Nueva solicitud de reservación,"Alberto  Moreno (Comisionista) envió una solicitud de reservación para Acapulco de Juarez, Guerrero - Terminal condesa → Coyoacan, Ciudad de Mexico - Taxqueña",403,"{""requestId"":403,""tripId"":1876,""requesterName"":""Alberto  Moreno (Comisionista)"",""amount"":900,""passengers"":2}",false,2025-08-05 05:22:51.294084,2025-08-05 05:22:51.294084,2025-08-08 05:22:51.285
1208,4,reservation_request,Nueva solicitud de reservación,"Alberto  Moreno (Comisionista) envió una solicitud de reservación para Acapulco de Juarez, Guerrero - Terminal condesa → Coyoacan, Ciudad de Mexico - Taxqueña",403,"{""requestId"":403,""tripId"":1876,""requesterName"":""Alberto  Moreno (Comisionista)"",""amount"":900,""passengers"":2}",false,2025-08-05 05:22:51.294714,2025-08-05 05:22:51.294714,2025-08-08 05:22:51.285
1209,3,reservation_request,Nueva solicitud de reservación,"Alberto  Moreno (Comisionista) envió una solicitud de reservación para Acapulco de Juarez, Guerrero - Terminal condesa → Coyoacan, Ciudad de Mexico - Taxqueña",403,"{""requestId"":403,""tripId"":1876,""requesterName"":""Alberto  Moreno (Comisionista)"",""amount"":900,""passengers"":2}",false,2025-08-05 05:22:51.296953,2025-08-05 05:22:51.296953,2025-08-08 05:22:51.284
1210,3,reservation_request,Nueva solicitud de reservación,"Alberto  Moreno (Comisionista) envió una solicitud de reservación para Acapulco de Juarez, Guerrero - Terminal condesa → Coyoacan, Ciudad de Mexico - Taxqueña",404,"{""requestId"":404,""tripId"":1876,""requesterName"":""Alberto  Moreno (Comisionista)"",""amount"":450,""passengers"":1}",false,2025-08-05 14:29:40.441873,2025-08-05 14:29:40.441873,2025-08-08 14:29:40.434
1211,6,reservation_request,Nueva solicitud de reservación,"Alberto  Moreno (Comisionista) envió una solicitud de reservación para Acapulco de Juarez, Guerrero - Terminal condesa → Coyoacan, Ciudad de Mexico - Taxqueña",404,"{""requestId"":404,""tripId"":1876,""requesterName"":""Alberto  Moreno (Comisionista)"",""amount"":450,""passengers"":1}",false,2025-08-05 14:29:40.559027,2025-08-05 14:29:40.559027,2025-08-08 14:29:40.434
1212,4,reservation_request,Nueva solicitud de reservación,"Alberto  Moreno (Comisionista) envió una solicitud de reservación para Acapulco de Juarez, Guerrero - Terminal condesa → Coyoacan, Ciudad de Mexico - Taxqueña",404,"{""requestId"":404,""tripId"":1876,""requesterName"":""Alberto  Moreno (Comisionista)"",""amount"":450,""passengers"":1}",true,2025-08-05 14:29:40.55957,2025-08-05 14:29:40.55957,2025-08-08 14:29:40.434
1213,6,reservation_request,Nueva solicitud de reservación,"Dulce  Perez (Comisionista) envió una solicitud de reservación para Acapulco de Juarez, Guerrero - Terminal condesa → Coyoacan, Ciudad de Mexico - Taxqueña",405,"{""requestId"":405,""tripId"":1876,""requesterName"":""Dulce  Perez (Comisionista)"",""amount"":450,""passengers"":1}",false,2025-08-05 15:33:13.766718,2025-08-05 15:33:13.766718,2025-08-08 15:33:13.757
1214,4,reservation_request,Nueva solicitud de reservación,"Dulce  Perez (Comisionista) envió una solicitud de reservación para Acapulco de Juarez, Guerrero - Terminal condesa → Coyoacan, Ciudad de Mexico - Taxqueña",405,"{""requestId"":405,""tripId"":1876,""requesterName"":""Dulce  Perez (Comisionista)"",""amount"":450,""passengers"":1}",true,2025-08-05 15:33:13.766967,2025-08-05 15:33:13.766967,2025-08-08 15:33:13.757
1215,3,reservation_request,Nueva solicitud de reservación,"Dulce  Perez (Comisionista) envió una solicitud de reservación para Acapulco de Juarez, Guerrero - Terminal condesa → Coyoacan, Ciudad de Mexico - Taxqueña",405,"{""requestId"":405,""tripId"":1876,""requesterName"":""Dulce  Perez (Comisionista)"",""amount"":450,""passengers"":1}",false,2025-08-05 15:33:13.766718,2025-08-05 15:33:13.766718,2025-08-08 15:33:13.757
1216,3,reservation_request,Nueva solicitud de reservación,"Dulce  Perez (Comisionista) envió una solicitud de reservación para Acapulco de Juarez, Guerrero - Terminal condesa → Coyoacan, Ciudad de Mexico - Taxqueña",406,"{""requestId"":406,""tripId"":2024,""requesterName"":""Dulce  Perez (Comisionista)"",""amount"":900,""passengers"":2}",false,2025-08-05 18:21:37.045539,2025-08-05 18:21:37.045539,2025-08-08 18:21:37.028
1217,4,reservation_request,Nueva solicitud de reservación,"Dulce  Perez (Comisionista) envió una solicitud de reservación para Acapulco de Juarez, Guerrero - Terminal condesa → Coyoacan, Ciudad de Mexico - Taxqueña",406,"{""requestId"":406,""tripId"":2024,""requesterName"":""Dulce  Perez (Comisionista)"",""amount"":900,""passengers"":2}",true,2025-08-05 18:21:37.157089,2025-08-05 18:21:37.157089,2025-08-08 18:21:37.029
1218,6,reservation_request,Nueva solicitud de reservación,"Dulce  Perez (Comisionista) envió una solicitud de reservación para Acapulco de Juarez, Guerrero - Terminal condesa → Coyoacan, Ciudad de Mexico - Taxqueña",406,"{""requestId"":406,""tripId"":2024,""requesterName"":""Dulce  Perez (Comisionista)"",""amount"":900,""passengers"":2}",false,2025-08-05 18:21:37.176889,2025-08-05 18:21:37.176889,2025-08-08 18:21:37.029
1219,3,reservation_request,Nueva solicitud de reservación,"Dulce  Perez (Comisionista) envió una solicitud de reservación para Acapulco de Juarez, Guerrero - Terminal condesa → Coyoacan, Ciudad de Mexico - Taxqueña",407,"{""requestId"":407,""tripId"":2024,""requesterName"":""Dulce  Perez (Comisionista)"",""amount"":1350,""passengers"":3}",false,2025-08-05 19:45:28.782713,2025-08-05 19:45:28.782713,2025-08-08 19:45:28.775
1220,4,reservation_request,Nueva solicitud de reservación,"Dulce  Perez (Comisionista) envió una solicitud de reservación para Acapulco de Juarez, Guerrero - Terminal condesa → Coyoacan, Ciudad de Mexico - Taxqueña",407,"{""requestId"":407,""tripId"":2024,""requesterName"":""Dulce  Perez (Comisionista)"",""amount"":1350,""passengers"":3}",true,2025-08-05 19:45:28.782935,2025-08-05 19:45:28.782935,2025-08-08 19:45:28.776
1221,6,reservation_request,Nueva solicitud de reservación,"Dulce  Perez (Comisionista) envió una solicitud de reservación para Acapulco de Juarez, Guerrero - Terminal condesa → Coyoacan, Ciudad de Mexico - Taxqueña",407,"{""requestId"":407,""tripId"":2024,""requesterName"":""Dulce  Perez (Comisionista)"",""amount"":1350,""passengers"":3}",false,2025-08-05 19:45:28.890085,2025-08-05 19:45:28.890085,2025-08-08 19:45:28.776
1222,4,reservation_request,Nueva solicitud de reservación,"Dulce  Perez (Comisionista) envió una solicitud de reservación para Acapulco de Juarez, Guerrero - Terminal condesa → Coyoacan, Ciudad de Mexico - Taxqueña",408,"{""requestId"":408,""tripId"":2024,""requesterName"":""Dulce  Perez (Comisionista)"",""amount"":900,""passengers"":2}",true,2025-08-05 20:20:46.600901,2025-08-05 20:20:46.600901,2025-08-08 20:20:46.586
1223,3,reservation_request,Nueva solicitud de reservación,"Dulce  Perez (Comisionista) envió una solicitud de reservación para Acapulco de Juarez, Guerrero - Terminal condesa → Coyoacan, Ciudad de Mexico - Taxqueña",408,"{""requestId"":408,""tripId"":2024,""requesterName"":""Dulce  Perez (Comisionista)"",""amount"":900,""passengers"":2}",false,2025-08-05 20:20:46.601677,2025-08-05 20:20:46.601677,2025-08-08 20:20:46.586
1224,6,reservation_request,Nueva solicitud de reservación,"Dulce  Perez (Comisionista) envió una solicitud de reservación para Acapulco de Juarez, Guerrero - Terminal condesa → Coyoacan, Ciudad de Mexico - Taxqueña",408,"{""requestId"":408,""tripId"":2024,""requesterName"":""Dulce  Perez (Comisionista)"",""amount"":900,""passengers"":2}",false,2025-08-05 20:20:46.706978,2025-08-05 20:20:46.706978,2025-08-08 20:20:46.587
1225,4,reservation_request,Nueva solicitud de reservación,"Alberto  Moreno (Comisionista) envió una solicitud de reservación para Coyoacan, Ciudad de Mexico - Taxqueña → Acapulco de Juarez, Guerrero - Terminal condesa",409,"{""requestId"":409,""tripId"":2397,""requesterName"":""Alberto  Moreno (Comisionista)"",""amount"":1800,""passengers"":4}",true,2025-08-05 20:45:11.576926,2025-08-05 20:45:11.576926,2025-08-08 20:45:11.566
1226,3,reservation_request,Nueva solicitud de reservación,"Alberto  Moreno (Comisionista) envió una solicitud de reservación para Coyoacan, Ciudad de Mexico - Taxqueña → Acapulco de Juarez, Guerrero - Terminal condesa",409,"{""requestId"":409,""tripId"":2397,""requesterName"":""Alberto  Moreno (Comisionista)"",""amount"":1800,""passengers"":4}",false,2025-08-05 20:45:11.578079,2025-08-05 20:45:11.578079,2025-08-08 20:45:11.566
1227,6,reservation_request,Nueva solicitud de reservación,"Alberto  Moreno (Comisionista) envió una solicitud de reservación para Coyoacan, Ciudad de Mexico - Taxqueña → Acapulco de Juarez, Guerrero - Terminal condesa",409,"{""requestId"":409,""tripId"":2397,""requesterName"":""Alberto  Moreno (Comisionista)"",""amount"":1800,""passengers"":4}",false,2025-08-05 20:45:11.695574,2025-08-05 20:45:11.695574,2025-08-08 20:45:11.566
1228,4,reservation_request,Nueva solicitud de reservación,"Alberto  Moreno (Comisionista) envió una solicitud de reservación para Acapulco de Juarez, Guerrero - Terminal condesa → Coyoacan, Ciudad de Mexico - Taxqueña",410,"{""requestId"":410,""tripId"":2098,""requesterName"":""Alberto  Moreno (Comisionista)"",""amount"":450,""passengers"":1}",true,2025-08-05 22:09:45.071135,2025-08-05 22:09:45.071135,2025-08-08 22:09:45.059
1229,3,reservation_request,Nueva solicitud de reservación,"Alberto  Moreno (Comisionista) envió una solicitud de reservación para Acapulco de Juarez, Guerrero - Terminal condesa → Coyoacan, Ciudad de Mexico - Taxqueña",410,"{""requestId"":410,""tripId"":2098,""requesterName"":""Alberto  Moreno (Comisionista)"",""amount"":450,""passengers"":1}",false,2025-08-05 22:09:45.071563,2025-08-05 22:09:45.071563,2025-08-08 22:09:45.059
1230,6,reservation_request,Nueva solicitud de reservación,"Alberto  Moreno (Comisionista) envió una solicitud de reservación para Acapulco de Juarez, Guerrero - Terminal condesa → Coyoacan, Ciudad de Mexico - Taxqueña",410,"{""requestId"":410,""tripId"":2098,""requesterName"":""Alberto  Moreno (Comisionista)"",""amount"":450,""passengers"":1}",false,2025-08-05 22:09:45.181496,2025-08-05 22:09:45.181496,2025-08-08 22:09:45.059
1231,4,reservation_request,Nueva solicitud de reservación,"Alberto  Moreno (Comisionista) envió una solicitud de reservación para Acapulco de Juarez, Guerrero - Terminal condesa → Coyoacan, Ciudad de Mexico - Taxqueña",411,"{""requestId"":411,""tripId"":""2098"",""requesterName"":""Alberto  Moreno (Comisionista)"",""amount"":450,""passengers"":1}",false,2025-08-05 22:15:42.946253,2025-08-05 22:15:42.946253,2025-08-08 22:15:42.935
1232,6,reservation_request,Nueva solicitud de reservación,"Alberto  Moreno (Comisionista) envió una solicitud de reservación para Acapulco de Juarez, Guerrero - Terminal condesa → Coyoacan, Ciudad de Mexico - Taxqueña",411,"{""requestId"":411,""tripId"":""2098"",""requesterName"":""Alberto  Moreno (Comisionista)"",""amount"":450,""passengers"":1}",false,2025-08-05 22:15:42.946905,2025-08-05 22:15:42.946905,2025-08-08 22:15:42.935
1233,3,reservation_request,Nueva solicitud de reservación,"Alberto  Moreno (Comisionista) envió una solicitud de reservación para Acapulco de Juarez, Guerrero - Terminal condesa → Coyoacan, Ciudad de Mexico - Taxqueña",411,"{""requestId"":411,""tripId"":""2098"",""requesterName"":""Alberto  Moreno (Comisionista)"",""amount"":450,""passengers"":1}",false,2025-08-05 22:15:42.94789,2025-08-05 22:15:42.94789,2025-08-08 22:15:42.935
1234,6,reservation_request,Nueva solicitud de reservación,"Alberto  Moreno (Comisionista) envió una solicitud de reservación para Coyoacan, Ciudad de Mexico - Taxqueña → Acapulco de Juarez, Guerrero - Terminal condesa",412,"{""requestId"":412,""tripId"":2395,""requesterName"":""Alberto  Moreno (Comisionista)"",""amount"":450,""passengers"":1}",false,2025-08-05 22:17:03.507151,2025-08-05 22:17:03.507151,2025-08-08 22:17:03.496
1235,4,reservation_request,Nueva solicitud de reservación,"Alberto  Moreno (Comisionista) envió una solicitud de reservación para Coyoacan, Ciudad de Mexico - Taxqueña → Acapulco de Juarez, Guerrero - Terminal condesa",412,"{""requestId"":412,""tripId"":2395,""requesterName"":""Alberto  Moreno (Comisionista)"",""amount"":450,""passengers"":1}",true,2025-08-05 22:17:03.507546,2025-08-05 22:17:03.507546,2025-08-08 22:17:03.496
1236,3,reservation_request,Nueva solicitud de reservación,"Alberto  Moreno (Comisionista) envió una solicitud de reservación para Coyoacan, Ciudad de Mexico - Taxqueña → Acapulco de Juarez, Guerrero - Terminal condesa",412,"{""requestId"":412,""tripId"":2395,""requesterName"":""Alberto  Moreno (Comisionista)"",""amount"":450,""passengers"":1}",false,2025-08-05 22:17:03.507447,2025-08-05 22:17:03.507447,2025-08-08 22:17:03.496
1237,3,reservation_request,Nueva solicitud de reservación,"Alberto  Moreno (Comisionista) envió una solicitud de reservación para Coyoacan, Ciudad de Mexico - Taxqueña → Acapulco de Juarez, Guerrero - Terminal condesa",413,"{""requestId"":413,""tripId"":2247,""requesterName"":""Alberto  Moreno (Comisionista)"",""amount"":450,""passengers"":1}",false,2025-08-05 22:21:05.437064,2025-08-05 22:21:05.437064,2025-08-08 22:21:05.427
1238,4,reservation_request,Nueva solicitud de reservación,"Alberto  Moreno (Comisionista) envió una solicitud de reservación para Coyoacan, Ciudad de Mexico - Taxqueña → Acapulco de Juarez, Guerrero - Terminal condesa",413,"{""requestId"":413,""tripId"":2247,""requesterName"":""Alberto  Moreno (Comisionista)"",""amount"":450,""passengers"":1}",true,2025-08-05 22:21:05.543105,2025-08-05 22:21:05.543105,2025-08-08 22:21:05.428
1239,6,reservation_request,Nueva solicitud de reservación,"Alberto  Moreno (Comisionista) envió una solicitud de reservación para Coyoacan, Ciudad de Mexico - Taxqueña → Acapulco de Juarez, Guerrero - Terminal condesa",413,"{""requestId"":413,""tripId"":2247,""requesterName"":""Alberto  Moreno (Comisionista)"",""amount"":450,""passengers"":1}",false,2025-08-05 22:21:05.553839,2025-08-05 22:21:05.553839,2025-08-08 22:21:05.428
1240,3,reservation_request,Nueva solicitud de reservación,"Paloma Cuenca envió una solicitud de reservación para Coyoacan, Ciudad de Mexico - Taxqueña → Acapulco de Juarez, Guerrero - Terminal condesa",414,"{""requestId"":414,""tripId"":2321,""requesterName"":""Paloma Cuenca"",""amount"":450,""passengers"":1}",false,2025-08-06 14:24:32.3987,2025-08-06 14:24:32.3987,2025-08-09 14:24:32.389
1241,4,reservation_request,Nueva solicitud de reservación,"Paloma Cuenca envió una solicitud de reservación para Coyoacan, Ciudad de Mexico - Taxqueña → Acapulco de Juarez, Guerrero - Terminal condesa",414,"{""requestId"":414,""tripId"":2321,""requesterName"":""Paloma Cuenca"",""amount"":450,""passengers"":1}",false,2025-08-06 14:24:32.512455,2025-08-06 14:24:32.512455,2025-08-09 14:24:32.39
1242,6,reservation_request,Nueva solicitud de reservación,"Paloma Cuenca envió una solicitud de reservación para Coyoacan, Ciudad de Mexico - Taxqueña → Acapulco de Juarez, Guerrero - Terminal condesa",414,"{""requestId"":414,""tripId"":2321,""requesterName"":""Paloma Cuenca"",""amount"":450,""passengers"":1}",false,2025-08-06 14:24:32.512792,2025-08-06 14:24:32.512792,2025-08-09 14:24:32.39
1243,3,reservation_request,Nueva solicitud de reservación,"Alberto  Moreno (Comisionista) envió una solicitud de reservación para Coyoacan, Ciudad de Mexico - Taxqueña → Acapulco de Juarez, Guerrero - Terminal condesa",415,"{""requestId"":415,""tripId"":2321,""requesterName"":""Alberto  Moreno (Comisionista)"",""amount"":450,""passengers"":1}",false,2025-08-06 15:16:06.438923,2025-08-06 15:16:06.438923,2025-08-09 15:16:06.43
1244,6,reservation_request,Nueva solicitud de reservación,"Alberto  Moreno (Comisionista) envió una solicitud de reservación para Coyoacan, Ciudad de Mexico - Taxqueña → Acapulco de Juarez, Guerrero - Terminal condesa",415,"{""requestId"":415,""tripId"":2321,""requesterName"":""Alberto  Moreno (Comisionista)"",""amount"":450,""passengers"":1}",false,2025-08-06 15:16:06.439025,2025-08-06 15:16:06.439025,2025-08-09 15:16:06.431
1245,4,reservation_request,Nueva solicitud de reservación,"Alberto  Moreno (Comisionista) envió una solicitud de reservación para Coyoacan, Ciudad de Mexico - Taxqueña → Acapulco de Juarez, Guerrero - Terminal condesa",415,"{""requestId"":415,""tripId"":2321,""requesterName"":""Alberto  Moreno (Comisionista)"",""amount"":450,""passengers"":1}",false,2025-08-06 15:16:06.440515,2025-08-06 15:16:06.440515,2025-08-09 15:16:06.431
1246,6,reservation_request,Nueva solicitud de reservación,"Alberto  Moreno (Comisionista) envió una solicitud de reservación para Coyoacan, Ciudad de Mexico - Taxqueña → Acapulco de Juarez, Guerrero - Terminal condesa",416,"{""requestId"":416,""tripId"":""2321"",""requesterName"":""Alberto  Moreno (Comisionista)"",""amount"":400,""passengers"":1}",false,2025-08-06 15:18:30.988292,2025-08-06 15:18:30.988292,2025-08-09 15:18:30.982
1247,4,reservation_request,Nueva solicitud de reservación,"Alberto  Moreno (Comisionista) envió una solicitud de reservación para Coyoacan, Ciudad de Mexico - Taxqueña → Acapulco de Juarez, Guerrero - Terminal condesa",416,"{""requestId"":416,""tripId"":""2321"",""requesterName"":""Alberto  Moreno (Comisionista)"",""amount"":400,""passengers"":1}",false,2025-08-06 15:18:30.989093,2025-08-06 15:18:30.989093,2025-08-09 15:18:30.982
1248,3,reservation_request,Nueva solicitud de reservación,"Alberto  Moreno (Comisionista) envió una solicitud de reservación para Coyoacan, Ciudad de Mexico - Taxqueña → Acapulco de Juarez, Guerrero - Terminal condesa",416,"{""requestId"":416,""tripId"":""2321"",""requesterName"":""Alberto  Moreno (Comisionista)"",""amount"":400,""passengers"":1}",false,2025-08-06 15:18:30.989995,2025-08-06 15:18:30.989995,2025-08-09 15:18:30.982
1249,4,reservation_request,Nueva solicitud de reservación,"Alberto  Moreno (Comisionista) envió una solicitud de reservación para Coyoacan, Ciudad de Mexico - Taxqueña → Acapulco de Juarez, Guerrero - Terminal condesa",417,"{""requestId"":417,""tripId"":""2321"",""requesterName"":""Alberto  Moreno (Comisionista)"",""amount"":400,""passengers"":1}",false,2025-08-06 15:49:13.889186,2025-08-06 15:49:13.889186,2025-08-09 15:49:13.883
1250,6,reservation_request,Nueva solicitud de reservación,"Alberto  Moreno (Comisionista) envió una solicitud de reservación para Coyoacan, Ciudad de Mexico - Taxqueña → Acapulco de Juarez, Guerrero - Terminal condesa",417,"{""requestId"":417,""tripId"":""2321"",""requesterName"":""Alberto  Moreno (Comisionista)"",""amount"":400,""passengers"":1}",true,2025-08-06 15:49:13.889853,2025-08-06 15:49:13.889853,2025-08-09 15:49:13.883
1251,3,reservation_request,Nueva solicitud de reservación,"Alberto  Moreno (Comisionista) envió una solicitud de reservación para Coyoacan, Ciudad de Mexico - Taxqueña → Acapulco de Juarez, Guerrero - Terminal condesa",417,"{""requestId"":417,""tripId"":""2321"",""requesterName"":""Alberto  Moreno (Comisionista)"",""amount"":400,""passengers"":1}",false,2025-08-06 15:49:13.891224,2025-08-06 15:49:13.891224,2025-08-09 15:49:13.883
1252,4,reservation_request,Nueva solicitud de reservación,"Alberto  Moreno (Comisionista) envió una solicitud de reservación para Coyoacan, Ciudad de Mexico - Taxqueña → Acapulco de Juarez, Guerrero - Terminal condesa",418,"{""requestId"":418,""tripId"":2396,""requesterName"":""Alberto  Moreno (Comisionista)"",""amount"":900,""passengers"":2}",false,2025-08-06 18:10:07.549071,2025-08-06 18:10:07.549071,2025-08-09 18:10:07.538
1253,3,reservation_request,Nueva solicitud de reservación,"Alberto  Moreno (Comisionista) envió una solicitud de reservación para Coyoacan, Ciudad de Mexico - Taxqueña → Acapulco de Juarez, Guerrero - Terminal condesa",418,"{""requestId"":418,""tripId"":2396,""requesterName"":""Alberto  Moreno (Comisionista)"",""amount"":900,""passengers"":2}",false,2025-08-06 18:10:07.550806,2025-08-06 18:10:07.550806,2025-08-09 18:10:07.537
1254,6,reservation_request,Nueva solicitud de reservación,"Alberto  Moreno (Comisionista) envió una solicitud de reservación para Coyoacan, Ciudad de Mexico - Taxqueña → Acapulco de Juarez, Guerrero - Terminal condesa",418,"{""requestId"":418,""tripId"":2396,""requesterName"":""Alberto  Moreno (Comisionista)"",""amount"":900,""passengers"":2}",false,2025-08-06 18:10:07.656091,2025-08-06 18:10:07.656091,2025-08-09 18:10:07.538
1255,3,reservation_request,Nueva solicitud de reservación,"Alberto  Moreno (Comisionista) envió una solicitud de reservación para Acapulco de Juarez, Guerrero - Terminal condesa → Coyoacan, Ciudad de Mexico - Taxqueña",419,"{""requestId"":419,""tripId"":2025,""requesterName"":""Alberto  Moreno (Comisionista)"",""amount"":450,""passengers"":1}",false,2025-08-06 18:55:09.044982,2025-08-06 18:55:09.044982,2025-08-09 18:55:09.034
1256,6,reservation_request,Nueva solicitud de reservación,"Alberto  Moreno (Comisionista) envió una solicitud de reservación para Acapulco de Juarez, Guerrero - Terminal condesa → Coyoacan, Ciudad de Mexico - Taxqueña",419,"{""requestId"":419,""tripId"":2025,""requesterName"":""Alberto  Moreno (Comisionista)"",""amount"":450,""passengers"":1}",false,2025-08-06 18:55:09.155196,2025-08-06 18:55:09.155196,2025-08-09 18:55:09.034
1257,4,reservation_request,Nueva solicitud de reservación,"Alberto  Moreno (Comisionista) envió una solicitud de reservación para Acapulco de Juarez, Guerrero - Terminal condesa → Coyoacan, Ciudad de Mexico - Taxqueña",419,"{""requestId"":419,""tripId"":2025,""requesterName"":""Alberto  Moreno (Comisionista)"",""amount"":450,""passengers"":1}",false,2025-08-06 18:55:09.413104,2025-08-06 18:55:09.413104,2025-08-09 18:55:09.034
1258,3,reservation_request,Nueva solicitud de reservación,"Alberto  Moreno (Comisionista) envió una solicitud de reservación para Coyoacan, Ciudad de Mexico - Taxqueña → Acapulco de Juarez, Guerrero - Terminal condesa",420,"{""requestId"":420,""tripId"":2395,""requesterName"":""Alberto  Moreno (Comisionista)"",""amount"":450,""passengers"":1}",false,2025-08-06 18:55:48.098203,2025-08-06 18:55:48.098203,2025-08-09 18:55:48.087
1259,4,reservation_request,Nueva solicitud de reservación,"Alberto  Moreno (Comisionista) envió una solicitud de reservación para Coyoacan, Ciudad de Mexico - Taxqueña → Acapulco de Juarez, Guerrero - Terminal condesa",420,"{""requestId"":420,""tripId"":2395,""requesterName"":""Alberto  Moreno (Comisionista)"",""amount"":450,""passengers"":1}",false,2025-08-06 18:55:48.098786,2025-08-06 18:55:48.098786,2025-08-09 18:55:48.087
1260,6,reservation_request,Nueva solicitud de reservación,"Alberto  Moreno (Comisionista) envió una solicitud de reservación para Coyoacan, Ciudad de Mexico - Taxqueña → Acapulco de Juarez, Guerrero - Terminal condesa",420,"{""requestId"":420,""tripId"":2395,""requesterName"":""Alberto  Moreno (Comisionista)"",""amount"":450,""passengers"":1}",false,2025-08-06 18:55:48.220503,2025-08-06 18:55:48.220503,2025-08-09 18:55:48.088
1261,4,reservation_request,Nueva solicitud de reservación,"Alberto  Moreno (Comisionista) envió una solicitud de reservación para Coyoacan, Ciudad de Mexico - Taxqueña → Acapulco de Juarez, Guerrero - Terminal condesa",421,"{""requestId"":421,""tripId"":2395,""requesterName"":""Alberto  Moreno (Comisionista)"",""amount"":450,""passengers"":1}",false,2025-08-06 18:59:22.029869,2025-08-06 18:59:22.029869,2025-08-09 18:59:22.02
1262,3,reservation_request,Nueva solicitud de reservación,"Alberto  Moreno (Comisionista) envió una solicitud de reservación para Coyoacan, Ciudad de Mexico - Taxqueña → Acapulco de Juarez, Guerrero - Terminal condesa",421,"{""requestId"":421,""tripId"":2395,""requesterName"":""Alberto  Moreno (Comisionista)"",""amount"":450,""passengers"":1}",false,2025-08-06 18:59:22.031719,2025-08-06 18:59:22.031719,2025-08-09 18:59:22.02
1263,6,reservation_request,Nueva solicitud de reservación,"Alberto  Moreno (Comisionista) envió una solicitud de reservación para Coyoacan, Ciudad de Mexico - Taxqueña → Acapulco de Juarez, Guerrero - Terminal condesa",421,"{""requestId"":421,""tripId"":2395,""requesterName"":""Alberto  Moreno (Comisionista)"",""amount"":450,""passengers"":1}",false,2025-08-06 18:59:22.137031,2025-08-06 18:59:22.137031,2025-08-09 18:59:22.02
1264,3,reservation_request,Nueva solicitud de reservación,"Alberto  Moreno (Comisionista) envió una solicitud de reservación para Coyoacan, Ciudad de Mexico - Taxqueña → Acapulco de Juarez, Guerrero - Terminal condesa",422,"{""requestId"":422,""tripId"":2395,""requesterName"":""Alberto  Moreno (Comisionista)"",""amount"":450,""passengers"":1}",false,2025-08-06 19:00:26.326605,2025-08-06 19:00:26.326605,2025-08-09 19:00:26.314
1265,6,reservation_request,Nueva solicitud de reservación,"Alberto  Moreno (Comisionista) envió una solicitud de reservación para Coyoacan, Ciudad de Mexico - Taxqueña → Acapulco de Juarez, Guerrero - Terminal condesa",422,"{""requestId"":422,""tripId"":2395,""requesterName"":""Alberto  Moreno (Comisionista)"",""amount"":450,""passengers"":1}",false,2025-08-06 19:00:26.448265,2025-08-06 19:00:26.448265,2025-08-09 19:00:26.314
1266,4,reservation_request,Nueva solicitud de reservación,"Alberto  Moreno (Comisionista) envió una solicitud de reservación para Coyoacan, Ciudad de Mexico - Taxqueña → Acapulco de Juarez, Guerrero - Terminal condesa",422,"{""requestId"":422,""tripId"":2395,""requesterName"":""Alberto  Moreno (Comisionista)"",""amount"":450,""passengers"":1}",false,2025-08-06 19:00:26.461633,2025-08-06 19:00:26.461633,2025-08-09 19:00:26.314
1267,3,reservation_request,Nueva solicitud de reservación,"Alberto  Moreno (Comisionista) envió una solicitud de reservación para Acapulco de Juarez, Guerrero - Terminal condesa → Coyoacan, Ciudad de Mexico - Taxqueña",423,"{""requestId"":423,""tripId"":2025,""requesterName"":""Alberto  Moreno (Comisionista)"",""amount"":900,""passengers"":2}",false,2025-08-06 20:19:52.453892,2025-08-06 20:19:52.453892,2025-08-09 20:19:52.442
1268,4,reservation_request,Nueva solicitud de reservación,"Alberto  Moreno (Comisionista) envió una solicitud de reservación para Acapulco de Juarez, Guerrero - Terminal condesa → Coyoacan, Ciudad de Mexico - Taxqueña",423,"{""requestId"":423,""tripId"":2025,""requesterName"":""Alberto  Moreno (Comisionista)"",""amount"":900,""passengers"":2}",false,2025-08-06 20:19:52.456225,2025-08-06 20:19:52.456225,2025-08-09 20:19:52.443
1269,6,reservation_request,Nueva solicitud de reservación,"Alberto  Moreno (Comisionista) envió una solicitud de reservación para Acapulco de Juarez, Guerrero - Terminal condesa → Coyoacan, Ciudad de Mexico - Taxqueña",423,"{""requestId"":423,""tripId"":2025,""requesterName"":""Alberto  Moreno (Comisionista)"",""amount"":900,""passengers"":2}",false,2025-08-06 20:19:52.57928,2025-08-06 20:19:52.57928,2025-08-09 20:19:52.443
1270,4,reservation_request,Nueva solicitud de reservación,"Dulce  Perez (Comisionista) envió una solicitud de reservación para Acapulco de Juarez, Guerrero - Terminal condesa → Coyoacan, Ciudad de Mexico - Taxqueña",424,"{""requestId"":424,""tripId"":2099,""requesterName"":""Dulce  Perez (Comisionista)"",""amount"":450,""passengers"":1}",false,2025-08-06 23:47:37.333414,2025-08-06 23:47:37.333414,2025-08-09 23:47:37.325
1271,3,reservation_request,Nueva solicitud de reservación,"Dulce  Perez (Comisionista) envió una solicitud de reservación para Acapulco de Juarez, Guerrero - Terminal condesa → Coyoacan, Ciudad de Mexico - Taxqueña",424,"{""requestId"":424,""tripId"":2099,""requesterName"":""Dulce  Perez (Comisionista)"",""amount"":450,""passengers"":1}",false,2025-08-06 23:47:37.335474,2025-08-06 23:47:37.335474,2025-08-09 23:47:37.325
1272,6,reservation_request,Nueva solicitud de reservación,"Dulce  Perez (Comisionista) envió una solicitud de reservación para Acapulco de Juarez, Guerrero - Terminal condesa → Coyoacan, Ciudad de Mexico - Taxqueña",424,"{""requestId"":424,""tripId"":2099,""requesterName"":""Dulce  Perez (Comisionista)"",""amount"":450,""passengers"":1}",false,2025-08-06 23:47:37.463469,2025-08-06 23:47:37.463469,2025-08-09 23:47:37.325
1273,3,reservation_request,Nueva solicitud de reservación,"Alberto  Moreno (Comisionista) envió una solicitud de reservación para Acapulco de Juarez, Guerrero - Terminal condesa → Coyoacan, Ciudad de Mexico - Taxqueña",425,"{""requestId"":425,""tripId"":1878,""requesterName"":""Alberto  Moreno (Comisionista)"",""amount"":4950,""passengers"":11}",false,2025-08-07 01:28:26.810181,2025-08-07 01:28:26.810181,2025-08-10 01:28:26.8
1274,4,reservation_request,Nueva solicitud de reservación,"Alberto  Moreno (Comisionista) envió una solicitud de reservación para Acapulco de Juarez, Guerrero - Terminal condesa → Coyoacan, Ciudad de Mexico - Taxqueña",425,"{""requestId"":425,""tripId"":1878,""requesterName"":""Alberto  Moreno (Comisionista)"",""amount"":4950,""passengers"":11}",false,2025-08-07 01:28:26.812358,2025-08-07 01:28:26.812358,2025-08-10 01:28:26.801
1275,6,reservation_request,Nueva solicitud de reservación,"Alberto  Moreno (Comisionista) envió una solicitud de reservación para Acapulco de Juarez, Guerrero - Terminal condesa → Coyoacan, Ciudad de Mexico - Taxqueña",425,"{""requestId"":425,""tripId"":1878,""requesterName"":""Alberto  Moreno (Comisionista)"",""amount"":4950,""passengers"":11}",false,2025-08-07 01:28:26.918345,2025-08-07 01:28:26.918345,2025-08-10 01:28:26.801
1276,3,reservation_request,Nueva solicitud de reservación,"Dulce  Perez (Comisionista) envió una solicitud de reservación para Acapulco de Juarez, Guerrero - Terminal condesa → Coyoacan, Ciudad de Mexico - Taxqueña",426,"{""requestId"":426,""tripId"":""2099"",""requesterName"":""Dulce  Perez (Comisionista)"",""amount"":120,""passengers"":1}",false,2025-08-07 02:03:41.853726,2025-08-07 02:03:41.853726,2025-08-10 02:03:41.844
1277,4,reservation_request,Nueva solicitud de reservación,"Dulce  Perez (Comisionista) envió una solicitud de reservación para Acapulco de Juarez, Guerrero - Terminal condesa → Coyoacan, Ciudad de Mexico - Taxqueña",426,"{""requestId"":426,""tripId"":""2099"",""requesterName"":""Dulce  Perez (Comisionista)"",""amount"":120,""passengers"":1}",false,2025-08-07 02:03:41.959507,2025-08-07 02:03:41.959507,2025-08-10 02:03:41.844
1278,6,reservation_request,Nueva solicitud de reservación,"Dulce  Perez (Comisionista) envió una solicitud de reservación para Acapulco de Juarez, Guerrero - Terminal condesa → Coyoacan, Ciudad de Mexico - Taxqueña",426,"{""requestId"":426,""tripId"":""2099"",""requesterName"":""Dulce  Perez (Comisionista)"",""amount"":120,""passengers"":1}",false,2025-08-07 02:03:41.961607,2025-08-07 02:03:41.961607,2025-08-10 02:03:41.844
1279,4,reservation_request,Nueva solicitud de reservación,"Dulce  Perez (Comisionista) envió una solicitud de reservación para Acapulco de Juarez, Guerrero - Terminal condesa → Coyoacan, Ciudad de Mexico - Taxqueña",427,"{""requestId"":427,""tripId"":2100,""requesterName"":""Dulce  Perez (Comisionista)"",""amount"":450,""passengers"":1}",false,2025-08-07 02:44:49.475205,2025-08-07 02:44:49.475205,2025-08-10 02:44:49.465
1280,6,reservation_request,Nueva solicitud de reservación,"Dulce  Perez (Comisionista) envió una solicitud de reservación para Acapulco de Juarez, Guerrero - Terminal condesa → Coyoacan, Ciudad de Mexico - Taxqueña",427,"{""requestId"":427,""tripId"":2100,""requesterName"":""Dulce  Perez (Comisionista)"",""amount"":450,""passengers"":1}",false,2025-08-07 02:44:49.47578,2025-08-07 02:44:49.47578,2025-08-10 02:44:49.465
1281,3,reservation_request,Nueva solicitud de reservación,"Dulce  Perez (Comisionista) envió una solicitud de reservación para Acapulco de Juarez, Guerrero - Terminal condesa → Coyoacan, Ciudad de Mexico - Taxqueña",427,"{""requestId"":427,""tripId"":2100,""requesterName"":""Dulce  Perez (Comisionista)"",""amount"":450,""passengers"":1}",false,2025-08-07 02:44:49.476112,2025-08-07 02:44:49.476112,2025-08-10 02:44:49.465
1282,3,reservation_request,Nueva solicitud de reservación,"Dulce  Perez (Comisionista) envió una solicitud de reservación para Acapulco de Juarez, Guerrero - Terminal condesa → Coyoacan, Ciudad de Mexico - Taxqueña",428,"{""requestId"":428,""tripId"":2099,""requesterName"":""Dulce  Perez (Comisionista)"",""amount"":450,""passengers"":1}",false,2025-08-07 02:46:54.932613,2025-08-07 02:46:54.932613,2025-08-10 02:46:54.921
1283,6,reservation_request,Nueva solicitud de reservación,"Dulce  Perez (Comisionista) envió una solicitud de reservación para Acapulco de Juarez, Guerrero - Terminal condesa → Coyoacan, Ciudad de Mexico - Taxqueña",428,"{""requestId"":428,""tripId"":2099,""requesterName"":""Dulce  Perez (Comisionista)"",""amount"":450,""passengers"":1}",false,2025-08-07 02:46:55.04493,2025-08-07 02:46:55.04493,2025-08-10 02:46:54.922
1284,4,reservation_request,Nueva solicitud de reservación,"Dulce  Perez (Comisionista) envió una solicitud de reservación para Acapulco de Juarez, Guerrero - Terminal condesa → Coyoacan, Ciudad de Mexico - Taxqueña",428,"{""requestId"":428,""tripId"":2099,""requesterName"":""Dulce  Perez (Comisionista)"",""amount"":450,""passengers"":1}",false,2025-08-07 02:46:55.061347,2025-08-07 02:46:55.061347,2025-08-10 02:46:54.922
1285,4,reservation_request,Nueva solicitud de reservación,"Alberto  Moreno (Comisionista) envió una solicitud de reservación para Coyoacan, Ciudad de Mexico - Taxqueña → Acapulco de Juarez, Guerrero - Terminal condesa",429,"{""requestId"":429,""tripId"":2322,""requesterName"":""Alberto  Moreno (Comisionista)"",""amount"":450,""passengers"":1}",false,2025-08-07 05:27:42.647335,2025-08-07 05:27:42.647335,2025-08-10 05:27:42.637
1286,3,reservation_request,Nueva solicitud de reservación,"Alberto  Moreno (Comisionista) envió una solicitud de reservación para Coyoacan, Ciudad de Mexico - Taxqueña → Acapulco de Juarez, Guerrero - Terminal condesa",429,"{""requestId"":429,""tripId"":2322,""requesterName"":""Alberto  Moreno (Comisionista)"",""amount"":450,""passengers"":1}",false,2025-08-07 05:27:42.650558,2025-08-07 05:27:42.650558,2025-08-10 05:27:42.637
1287,6,reservation_request,Nueva solicitud de reservación,"Alberto  Moreno (Comisionista) envió una solicitud de reservación para Coyoacan, Ciudad de Mexico - Taxqueña → Acapulco de Juarez, Guerrero - Terminal condesa",429,"{""requestId"":429,""tripId"":2322,""requesterName"":""Alberto  Moreno (Comisionista)"",""amount"":450,""passengers"":1}",true,2025-08-07 05:27:42.752532,2025-08-07 05:27:42.752532,2025-08-10 05:27:42.637
1288,3,reservation_request,Nueva solicitud de reservación,"Alberto  Moreno (Comisionista) envió una solicitud de reservación para Acapulco de Juarez, Guerrero - Terminal condesa → Coyoacan, Ciudad de Mexico - Taxqueña",430,"{""requestId"":430,""tripId"":2103,""requesterName"":""Alberto  Moreno (Comisionista)"",""amount"":450,""passengers"":1}",false,2025-08-07 05:32:17.247055,2025-08-07 05:32:17.247055,2025-08-10 05:32:17.237
1289,4,reservation_request,Nueva solicitud de reservación,"Alberto  Moreno (Comisionista) envió una solicitud de reservación para Acapulco de Juarez, Guerrero - Terminal condesa → Coyoacan, Ciudad de Mexico - Taxqueña",430,"{""requestId"":430,""tripId"":2103,""requesterName"":""Alberto  Moreno (Comisionista)"",""amount"":450,""passengers"":1}",false,2025-08-07 05:32:17.247455,2025-08-07 05:32:17.247455,2025-08-10 05:32:17.238
1290,6,reservation_request,Nueva solicitud de reservación,"Alberto  Moreno (Comisionista) envió una solicitud de reservación para Acapulco de Juarez, Guerrero - Terminal condesa → Coyoacan, Ciudad de Mexico - Taxqueña",430,"{""requestId"":430,""tripId"":2103,""requesterName"":""Alberto  Moreno (Comisionista)"",""amount"":450,""passengers"":1}",false,2025-08-07 05:32:17.249,2025-08-07 05:32:17.249,2025-08-10 05:32:17.238
1291,4,reservation_request,Nueva solicitud de reservación,"Alberto  Moreno (Comisionista) envió una solicitud de reservación para Coyoacan, Ciudad de Mexico - Taxqueña → Acapulco de Juarez, Guerrero - Terminal condesa",431,"{""requestId"":431,""tripId"":2397,""requesterName"":""Alberto  Moreno (Comisionista)"",""amount"":450,""passengers"":1}",false,2025-08-07 17:11:52.312643,2025-08-07 17:11:52.312643,2025-08-10 17:11:52.304
1292,6,reservation_request,Nueva solicitud de reservación,"Alberto  Moreno (Comisionista) envió una solicitud de reservación para Coyoacan, Ciudad de Mexico - Taxqueña → Acapulco de Juarez, Guerrero - Terminal condesa",431,"{""requestId"":431,""tripId"":2397,""requesterName"":""Alberto  Moreno (Comisionista)"",""amount"":450,""passengers"":1}",false,2025-08-07 17:11:52.312549,2025-08-07 17:11:52.312549,2025-08-10 17:11:52.304
1293,3,reservation_request,Nueva solicitud de reservación,"Alberto  Moreno (Comisionista) envió una solicitud de reservación para Coyoacan, Ciudad de Mexico - Taxqueña → Acapulco de Juarez, Guerrero - Terminal condesa",431,"{""requestId"":431,""tripId"":2397,""requesterName"":""Alberto  Moreno (Comisionista)"",""amount"":450,""passengers"":1}",false,2025-08-07 17:11:52.313095,2025-08-07 17:11:52.313095,2025-08-10 17:11:52.304
1294,4,reservation_request,Nueva solicitud de reservación,"Dulce  Perez (Comisionista) envió una solicitud de reservación para Acapulco de Juarez, Guerrero - Terminal condesa → Coyoacan, Ciudad de Mexico - Taxqueña",432,"{""requestId"":432,""tripId"":2026,""requesterName"":""Dulce  Perez (Comisionista)"",""amount"":450,""passengers"":1}",true,2025-08-07 22:10:58.840118,2025-08-07 22:10:58.840118,2025-08-10 22:10:58.832
1295,6,reservation_request,Nueva solicitud de reservación,"Dulce  Perez (Comisionista) envió una solicitud de reservación para Acapulco de Juarez, Guerrero - Terminal condesa → Coyoacan, Ciudad de Mexico - Taxqueña",432,"{""requestId"":432,""tripId"":2026,""requesterName"":""Dulce  Perez (Comisionista)"",""amount"":450,""passengers"":1}",false,2025-08-07 22:10:58.840044,2025-08-07 22:10:58.840044,2025-08-10 22:10:58.832
1296,3,reservation_request,Nueva solicitud de reservación,"Dulce  Perez (Comisionista) envió una solicitud de reservación para Acapulco de Juarez, Guerrero - Terminal condesa → Coyoacan, Ciudad de Mexico - Taxqueña",432,"{""requestId"":432,""tripId"":2026,""requesterName"":""Dulce  Perez (Comisionista)"",""amount"":450,""passengers"":1}",false,2025-08-07 22:10:58.844204,2025-08-07 22:10:58.844204,2025-08-10 22:10:58.831
1297,4,reservation_request,Nueva solicitud de reservación,"Dulce  Perez (Comisionista) envió una solicitud de reservación para Coyoacan, Ciudad de Mexico - Taxqueña → Acapulco de Juarez, Guerrero - Terminal condesa",433,"{""requestId"":433,""tripId"":""2323"",""requesterName"":""Dulce  Perez (Comisionista)"",""amount"":400,""passengers"":1}",false,2025-08-08 03:19:31.203456,2025-08-08 03:19:31.203456,2025-08-11 03:19:31.194
1298,3,reservation_request,Nueva solicitud de reservación,"Dulce  Perez (Comisionista) envió una solicitud de reservación para Coyoacan, Ciudad de Mexico - Taxqueña → Acapulco de Juarez, Guerrero - Terminal condesa",433,"{""requestId"":433,""tripId"":""2323"",""requesterName"":""Dulce  Perez (Comisionista)"",""amount"":400,""passengers"":1}",false,2025-08-08 03:19:31.204932,2025-08-08 03:19:31.204932,2025-08-11 03:19:31.193
1299,6,reservation_request,Nueva solicitud de reservación,"Dulce  Perez (Comisionista) envió una solicitud de reservación para Coyoacan, Ciudad de Mexico - Taxqueña → Acapulco de Juarez, Guerrero - Terminal condesa",433,"{""requestId"":433,""tripId"":""2323"",""requesterName"":""Dulce  Perez (Comisionista)"",""amount"":400,""passengers"":1}",true,2025-08-08 03:19:31.205614,2025-08-08 03:19:31.205614,2025-08-11 03:19:31.194
1300,3,reservation_request,Nueva solicitud de reservación,"Dulce  Perez (Comisionista) envió una solicitud de reservación para Acapulco de Juarez, Guerrero - Terminal condesa → Coyoacan, Ciudad de Mexico - Taxqueña",434,"{""requestId"":434,""tripId"":2100,""requesterName"":""Dulce  Perez (Comisionista)"",""amount"":900,""passengers"":2}",false,2025-08-08 04:46:53.206933,2025-08-08 04:46:53.206933,2025-08-11 04:46:53.192
1301,6,reservation_request,Nueva solicitud de reservación,"Dulce  Perez (Comisionista) envió una solicitud de reservación para Acapulco de Juarez, Guerrero - Terminal condesa → Coyoacan, Ciudad de Mexico - Taxqueña",434,"{""requestId"":434,""tripId"":2100,""requesterName"":""Dulce  Perez (Comisionista)"",""amount"":900,""passengers"":2}",true,2025-08-08 04:46:53.309565,2025-08-08 04:46:53.309565,2025-08-11 04:46:53.192
1302,4,reservation_request,Nueva solicitud de reservación,"Dulce  Perez (Comisionista) envió una solicitud de reservación para Acapulco de Juarez, Guerrero - Terminal condesa → Coyoacan, Ciudad de Mexico - Taxqueña",434,"{""requestId"":434,""tripId"":2100,""requesterName"":""Dulce  Perez (Comisionista)"",""amount"":900,""passengers"":2}",false,2025-08-08 04:46:53.311786,2025-08-08 04:46:53.311786,2025-08-11 04:46:53.192
1303,6,reservation_request,Nueva solicitud de reservación,"Dulce  Perez (Comisionista) envió una solicitud de reservación para Acapulco de Juarez, Guerrero - Terminal condesa → Coyoacan, Ciudad de Mexico - Taxqueña",435,"{""requestId"":435,""tripId"":2100,""requesterName"":""Dulce  Perez (Comisionista)"",""amount"":450,""passengers"":1}",false,2025-08-08 04:48:08.991194,2025-08-08 04:48:08.991194,2025-08-11 04:48:08.981
1304,3,reservation_request,Nueva solicitud de reservación,"Dulce  Perez (Comisionista) envió una solicitud de reservación para Acapulco de Juarez, Guerrero - Terminal condesa → Coyoacan, Ciudad de Mexico - Taxqueña",435,"{""requestId"":435,""tripId"":2100,""requesterName"":""Dulce  Perez (Comisionista)"",""amount"":450,""passengers"":1}",false,2025-08-08 04:48:08.995409,2025-08-08 04:48:08.995409,2025-08-11 04:48:08.98
1305,4,reservation_request,Nueva solicitud de reservación,"Dulce  Perez (Comisionista) envió una solicitud de reservación para Acapulco de Juarez, Guerrero - Terminal condesa → Coyoacan, Ciudad de Mexico - Taxqueña",435,"{""requestId"":435,""tripId"":2100,""requesterName"":""Dulce  Perez (Comisionista)"",""amount"":450,""passengers"":1}",false,2025-08-08 04:48:08.99564,2025-08-08 04:48:08.99564,2025-08-11 04:48:08.981
1306,3,reservation_request,Nueva solicitud de reservación,"Dulce  Perez (Comisionista) envió una solicitud de reservación para Acapulco de Juarez, Guerrero - Terminal condesa → Coyoacan, Ciudad de Mexico - Taxqueña",436,"{""requestId"":436,""tripId"":""2100"",""requesterName"":""Dulce  Perez (Comisionista)"",""amount"":400,""passengers"":1}",false,2025-08-08 04:49:34.987118,2025-08-08 04:49:34.987118,2025-08-11 04:49:34.974
1307,6,reservation_request,Nueva solicitud de reservación,"Dulce  Perez (Comisionista) envió una solicitud de reservación para Acapulco de Juarez, Guerrero - Terminal condesa → Coyoacan, Ciudad de Mexico - Taxqueña",436,"{""requestId"":436,""tripId"":""2100"",""requesterName"":""Dulce  Perez (Comisionista)"",""amount"":400,""passengers"":1}",true,2025-08-08 04:49:35.101203,2025-08-08 04:49:35.101203,2025-08-11 04:49:34.975
1308,4,reservation_request,Nueva solicitud de reservación,"Dulce  Perez (Comisionista) envió una solicitud de reservación para Acapulco de Juarez, Guerrero - Terminal condesa → Coyoacan, Ciudad de Mexico - Taxqueña",436,"{""requestId"":436,""tripId"":""2100"",""requesterName"":""Dulce  Perez (Comisionista)"",""amount"":400,""passengers"":1}",false,2025-08-08 04:49:35.101804,2025-08-08 04:49:35.101804,2025-08-11 04:49:34.975