rolname,query,calls,total_time,min_time,max_time,mean_time,avg_rows
postgres,"select ""id"", ""trip_data"", ""capacity"", ""vehicle_id"", ""driver_id"", ""visibility"", ""route_id"", ""company_id"" from ""trips"" where ""trips"".""id"" in ($1, $2, $3, $4, $5, $6, $7, $8, $9, $10, $11, $12, $13, $14, $15, $16, $17, $18, $19, $20, $21, $22, $23, $24, $25, $26, $27, $28, $29, $30, $31, $32, $33, $34, $35, $36, $37, $38, $39, $40, $41, $42, $43, $44, $45, $46, $47, $48, $49, $50, $51, $52, $53, $54, $55, $56, $57, $58, $59, $60, $61, $62, $63, $64, $65, $66, $67, $68, $69, $70, $71, $72, $73, $74, $75, $76, $77, $78, $79, $80, $81, $82, $83, $84, $85, $86, $87, $88, $89, $90, $91, $92, $93, $94, $95, $96, $97, $98, $99, $100, $101, $102, $103, $104, $105, $106, $107, $108, $109, $110, $111, $112, $113, $114, $115, $116, $117, $118, $119, $120, $121, $122, $123, $124, $125, $126, $127, $128, $129, $130, $131, $132, $133, $134, $135, $136, $137, $138, $139, $140, $141, $142, $143, $144, $145, $146, $147, $148, $149, $150, $151, $152, $153, $154, $155, $156, $157, $158, $159, $160, $161, $162, $163, $164, $165, $166, $167, $168, $169, $170, $171, $172, $173, $174, $175, $176, $177, $178, $179, $180, $181, $182, $183, $184, $185, $186, $187, $188, $189, $190, $191, $192, $193, $194, $195, $196, $197, $198, $199, $200, $201, $202, $203, $204, $205, $206, $207, $208, $209, $210, $211, $212, $213, $214, $215, $216, $217, $218, $219, $220, $221, $222, $223, $224, $225, $226, $227, $228, $229, $230, $231, $232, $233, $234, $235, $236, $237, $238, $239, $240, $241, $242, $243, $244, $245, $246, $247, $248, $249, $250, $251, $252, $253, $254, $255, $256, $257, $258, $259, $260, $261, $262, $263, $264, $265, $266, $267, $268, $269, $270, $271, $272, $273)",520,114568.962631,66.903365,11099.728741,220.324928136539,149
postgres,"select ""id"", ""trip_data"", ""capacity"", ""vehicle_id"", ""driver_id"", ""visibility"", ""route_id"", ""company_id"" from ""trips"" where ""trips"".""company_id"" = $1",88,48244.866621,0.00608,8012.445017,548.237120693182,558
postgres,"select ""id"", ""trip_data"", ""capacity"", ""vehicle_id"", ""driver_id"", ""visibility"", ""route_id"", ""company_id"" from ""trips"" where (""trips"".""visibility"" = $1 and ""trips"".""company_id"" = $2)",586,363825.479863,0.005629,6481.466881,620.862593622867,712
postgres,"select ""id"", ""first_name"", ""last_name"", ""email"", ""password"", ""role"", ""company"", ""profile_picture"", ""created_at"", ""updated_at"", ""invited_by_id"", ""company_id"", ""commission_percentage"", ""commission_enabled"", ""cash_box_enabled"" from ""users"" where ""users"".""company_id"" = $1",586,100680.349625,3.423367,5353.002579,171.809470349829,20
postgres,"select ""id"", ""first_name"", ""last_name"", ""email"", ""password"", ""role"", ""company"", ""profile_picture"", ""created_at"", ""updated_at"", ""invited_by_id"", ""company_id"", ""commission_percentage"", ""commission_enabled"", ""cash_box_enabled"" from ""users"" where ""users"".""id"" in ($1, $2, $3, $4, $5, $6, $7, $8, $9, $10, $11, $12, $13, $14, $15, $16)",8626,1755338.945134,32.59309,4084.340617,203.493965352886,16
postgres,"select ""id"", ""trip_data"", ""capacity"", ""vehicle_id"", ""driver_id"", ""visibility"", ""route_id"", ""company_id"" from ""trips"" where ""trips"".""id"" in ($1, $2, $3, $4, $5, $6, $7, $8, $9, $10, $11, $12, $13, $14, $15, $16, $17, $18, $19, $20, $21, $22, $23, $24, $25, $26, $27, $28, $29, $30, $31, $32, $33, $34, $35, $36, $37, $38, $39, $40, $41, $42, $43, $44, $45, $46, $47, $48, $49, $50, $51, $52, $53, $54, $55, $56, $57, $58, $59, $60, $61, $62, $63, $64, $65, $66, $67, $68, $69, $70, $71, $72, $73, $74, $75, $76, $77, $78, $79, $80, $81, $82, $83, $84, $85, $86, $87, $88, $89, $90, $91, $92, $93, $94, $95, $96, $97, $98, $99, $100, $101, $102, $103, $104, $105, $106, $107, $108, $109, $110, $111, $112, $113, $114, $115, $116, $117, $118, $119, $120, $121, $122, $123, $124, $125, $126, $127, $128, $129, $130, $131, $132, $133, $134, $135, $136, $137, $138, $139, $140, $141, $142, $143, $144, $145, $146, $147, $148, $149, $150, $151, $152, $153, $154, $155, $156, $157, $158, $159, $160, $161, $162, $163, $164, $165, $166, $167, $168, $169, $170, $171, $172, $173, $174, $175, $176, $177, $178, $179, $180, $181, $182, $183, $184, $185, $186, $187, $188, $189, $190, $191, $192, $193, $194, $195, $196, $197, $198, $199, $200, $201, $202, $203, $204, $205, $206, $207, $208, $209, $210, $211, $212, $213, $214, $215, $216, $217, $218, $219, $220, $221, $222, $223, $224, $225, $226, $227, $228, $229, $230, $231, $232, $233, $234, $235, $236, $237, $238, $239, $240, $241, $242, $243, $244, $245, $246, $247, $248, $249, $250, $251, $252, $253, $254, $255, $256, $257, $258, $259, $260, $261, $262, $263, $264, $265, $266, $267, $268, $269, $270, $271, $272, $273, $274, $275, $276, $277, $278, $279, $280, $281, $282, $283, $284, $285, $286, $287, $288, $289, $290, $291, $292, $293, $294, $295, $296, $297, $298, $299, $300, $301, $302, $303, $304, $305, $306, $307)",426,106916.987395,77.392822,3149.727711,250.978843650235,163
postgres,"select ""id"", ""trip_data"", ""capacity"", ""vehicle_id"", ""driver_id"", ""visibility"", ""route_id"", ""company_id"" from ""trips"" where ""trips"".""id"" in ($1, $2, $3, $4, $5, $6, $7, $8, $9, $10, $11, $12, $13, $14, $15, $16, $17, $18, $19, $20, $21, $22, $23, $24, $25, $26, $27, $28, $29, $30, $31, $32, $33, $34, $35, $36, $37, $38, $39, $40, $41, $42, $43, $44, $45, $46, $47, $48, $49, $50, $51, $52, $53, $54, $55, $56, $57, $58, $59, $60, $61, $62, $63, $64, $65, $66, $67, $68, $69, $70, $71, $72, $73, $74, $75, $76, $77, $78, $79, $80, $81, $82, $83, $84, $85, $86, $87, $88, $89, $90, $91, $92, $93, $94, $95, $96, $97, $98, $99, $100, $101, $102, $103, $104, $105, $106, $107, $108, $109, $110, $111, $112, $113, $114, $115, $116, $117, $118, $119, $120, $121, $122, $123, $124, $125, $126, $127, $128, $129, $130, $131, $132, $133, $134, $135, $136, $137, $138, $139, $140, $141, $142, $143, $144, $145, $146, $147, $148, $149, $150, $151, $152, $153, $154, $155, $156, $157, $158, $159, $160, $161, $162, $163, $164, $165, $166, $167, $168, $169, $170, $171, $172, $173, $174, $175, $176, $177, $178, $179, $180, $181, $182, $183, $184, $185, $186, $187, $188, $189, $190, $191, $192, $193, $194, $195, $196, $197, $198, $199, $200, $201, $202, $203, $204, $205, $206, $207, $208, $209, $210, $211, $212, $213, $214, $215, $216, $217, $218, $219, $220, $221, $222, $223, $224, $225, $226, $227, $228, $229, $230, $231, $232, $233, $234, $235, $236, $237, $238, $239, $240, $241, $242, $243, $244, $245, $246, $247, $248, $249, $250, $251, $252, $253, $254, $255, $256, $257, $258, $259, $260, $261, $262, $263, $264, $265, $266, $267, $268, $269, $270, $271, $272, $273, $274, $275, $276, $277, $278, $279, $280, $281, $282)",554,97492.171425,75.300086,3100.4362,175.978648781588,152
postgres,"select ""id"", ""trip_data"", ""capacity"", ""vehicle_id"", ""driver_id"", ""visibility"", ""route_id"", ""company_id"" from ""trips"" where ""trips"".""id"" in ($1, $2, $3, $4, $5, $6, $7, $8, $9, $10, $11, $12, $13, $14, $15, $16, $17, $18, $19, $20, $21, $22, $23, $24, $25, $26, $27, $28, $29, $30, $31, $32, $33, $34, $35, $36, $37, $38, $39, $40, $41, $42, $43, $44, $45, $46, $47, $48, $49, $50, $51, $52, $53, $54, $55, $56, $57, $58, $59, $60, $61, $62, $63, $64, $65, $66, $67, $68, $69, $70, $71, $72, $73, $74, $75, $76, $77, $78, $79, $80, $81, $82, $83, $84, $85, $86, $87, $88, $89, $90, $91, $92, $93, $94, $95, $96, $97, $98, $99, $100, $101, $102, $103, $104, $105, $106, $107, $108, $109, $110, $111, $112, $113, $114, $115, $116, $117, $118, $119, $120, $121, $122, $123, $124, $125, $126, $127, $128, $129, $130, $131, $132, $133, $134, $135, $136, $137, $138, $139, $140, $141, $142, $143, $144, $145, $146, $147, $148, $149, $150, $151, $152, $153, $154, $155, $156, $157, $158, $159, $160, $161, $162, $163, $164, $165, $166, $167, $168, $169, $170, $171, $172, $173, $174, $175, $176, $177, $178, $179, $180, $181, $182, $183, $184, $185, $186, $187, $188, $189, $190, $191, $192, $193, $194, $195, $196, $197, $198, $199, $200, $201, $202, $203, $204, $205, $206, $207, $208, $209, $210, $211, $212, $213, $214, $215, $216, $217, $218, $219, $220, $221, $222, $223, $224, $225, $226, $227, $228, $229, $230, $231, $232, $233, $234, $235, $236, $237, $238, $239, $240, $241, $242, $243, $244, $245, $246, $247, $248, $249, $250, $251, $252, $253, $254, $255, $256, $257, $258, $259, $260, $261, $262, $263, $264, $265, $266, $267, $268, $269, $270, $271, $272, $273, $274, $275, $276)",731,140442.861027,60.524318,3006.248862,192.124296890561,150
postgres,"select ""id"", ""first_name"", ""last_name"", ""email"", ""password"", ""role"", ""company"", ""profile_picture"", ""created_at"", ""updated_at"", ""invited_by_id"", ""company_id"", ""commission_percentage"", ""commission_enabled"", ""cash_box_enabled"" from ""users"" where ""users"".""id"" in ($1, $2, $3, $4, $5, $6, $7, $8, $9, $10, $11, $12, $13, $14, $15)",8557,1426119.923613,29.915532,2573.758305,166.66120411511,15
postgres,"select ""id"", ""trip_data"", ""capacity"", ""vehicle_id"", ""driver_id"", ""visibility"", ""route_id"", ""company_id"" from ""trips"" where ""trips"".""id"" in ($1, $2, $3, $4, $5, $6, $7, $8, $9, $10, $11, $12, $13, $14, $15, $16, $17, $18, $19, $20, $21, $22, $23, $24, $25, $26, $27, $28, $29, $30, $31, $32, $33, $34, $35, $36, $37, $38, $39, $40, $41, $42, $43, $44, $45, $46, $47, $48, $49, $50, $51, $52, $53, $54, $55, $56, $57, $58, $59, $60, $61, $62, $63, $64, $65, $66, $67, $68, $69, $70, $71, $72, $73, $74, $75, $76, $77, $78, $79, $80, $81, $82, $83, $84, $85, $86, $87, $88, $89, $90, $91, $92, $93, $94, $95, $96, $97, $98, $99, $100, $101, $102, $103, $104, $105, $106, $107, $108, $109, $110, $111, $112, $113, $114, $115, $116, $117, $118, $119, $120, $121, $122, $123, $124, $125, $126, $127, $128, $129, $130, $131, $132, $133, $134, $135, $136, $137, $138, $139, $140, $141, $142, $143, $144, $145, $146, $147, $148, $149, $150, $151, $152, $153, $154, $155, $156, $157, $158, $159, $160, $161, $162, $163, $164, $165, $166, $167, $168, $169, $170, $171, $172, $173, $174, $175, $176, $177, $178, $179, $180, $181, $182, $183, $184, $185, $186, $187, $188, $189, $190, $191, $192, $193, $194, $195, $196, $197, $198, $199, $200, $201, $202, $203, $204, $205, $206, $207, $208, $209, $210, $211, $212, $213, $214, $215, $216, $217, $218, $219, $220, $221, $222, $223, $224, $225, $226, $227, $228, $229, $230, $231, $232, $233, $234, $235, $236, $237, $238, $239, $240, $241, $242, $243, $244, $245, $246, $247, $248, $249, $250, $251, $252, $253, $254, $255, $256, $257, $258, $259, $260, $261, $262, $263, $264, $265, $266, $267, $268, $269, $270, $271, $272, $273, $274, $275, $276, $277, $278, $279, $280, $281, $282, $283, $284, $285, $286, $287, $288, $289)",394,72644.263207,69.723984,2567.858083,184.376302555838,156
postgres,"select ""id"", ""trip_data"", ""capacity"", ""vehicle_id"", ""driver_id"", ""visibility"", ""route_id"", ""company_id"" from ""trips"" where ""trips"".""id"" in ($1, $2, $3, $4, $5, $6, $7, $8, $9, $10, $11, $12, $13, $14, $15, $16, $17, $18, $19, $20, $21, $22, $23, $24, $25, $26, $27, $28, $29, $30, $31, $32, $33, $34, $35, $36, $37, $38, $39, $40, $41, $42, $43, $44, $45, $46, $47, $48, $49, $50, $51, $52, $53, $54, $55, $56, $57, $58, $59, $60, $61, $62, $63, $64, $65, $66, $67, $68, $69, $70, $71, $72, $73, $74, $75, $76, $77, $78, $79, $80, $81, $82, $83, $84, $85, $86, $87, $88, $89, $90, $91, $92, $93, $94, $95, $96, $97, $98, $99, $100, $101, $102, $103, $104, $105, $106, $107, $108, $109, $110, $111, $112, $113, $114, $115, $116, $117, $118, $119, $120, $121, $122, $123, $124, $125, $126, $127, $128, $129, $130, $131, $132, $133, $134, $135, $136, $137, $138, $139, $140, $141, $142, $143, $144, $145, $146, $147, $148, $149, $150, $151, $152, $153, $154, $155, $156, $157, $158, $159, $160, $161, $162, $163, $164, $165, $166, $167, $168, $169, $170, $171, $172, $173, $174, $175, $176, $177, $178, $179, $180, $181, $182, $183, $184, $185, $186, $187, $188, $189, $190, $191, $192, $193, $194, $195, $196, $197, $198, $199, $200, $201, $202, $203, $204, $205, $206, $207, $208, $209, $210, $211, $212, $213, $214, $215, $216, $217, $218, $219, $220, $221, $222, $223, $224, $225, $226, $227, $228, $229, $230, $231, $232, $233, $234, $235, $236, $237, $238, $239, $240, $241, $242, $243, $244, $245, $246, $247, $248, $249, $250, $251, $252, $253, $254, $255, $256, $257, $258, $259, $260)",126,23368.221936,72.911838,2532.441287,185.462078857143,143
postgres,"select ""id"", ""trip_data"", ""capacity"", ""vehicle_id"", ""driver_id"", ""visibility"", ""route_id"", ""company_id"" from ""trips"" where ""trips"".""id"" in ($1, $2, $3, $4, $5, $6, $7, $8, $9, $10, $11, $12, $13, $14, $15, $16, $17, $18, $19, $20, $21, $22, $23, $24, $25, $26, $27, $28, $29, $30, $31, $32, $33, $34, $35, $36, $37, $38, $39, $40, $41, $42, $43, $44, $45, $46, $47, $48, $49, $50, $51, $52, $53, $54, $55, $56, $57, $58, $59, $60, $61, $62, $63, $64, $65, $66, $67, $68, $69, $70, $71, $72, $73, $74, $75, $76, $77, $78, $79, $80, $81, $82, $83, $84, $85, $86, $87, $88, $89, $90, $91, $92, $93, $94, $95, $96, $97, $98, $99, $100, $101, $102, $103, $104, $105, $106, $107, $108, $109, $110, $111, $112, $113, $114, $115, $116, $117, $118, $119, $120, $121, $122, $123, $124, $125, $126, $127, $128, $129, $130, $131, $132, $133, $134, $135, $136, $137, $138, $139, $140, $141, $142, $143, $144, $145, $146, $147, $148, $149, $150, $151, $152, $153, $154, $155, $156, $157, $158, $159, $160, $161, $162, $163, $164, $165, $166, $167, $168, $169, $170, $171, $172, $173, $174, $175, $176, $177, $178, $179, $180, $181, $182, $183, $184, $185, $186, $187, $188, $189, $190, $191, $192, $193, $194, $195, $196, $197, $198, $199, $200, $201)",36,5725.457799,49.746753,2453.547945,159.040494416667,107
postgres,"select ""id"", ""trip_data"", ""capacity"", ""vehicle_id"", ""driver_id"", ""visibility"", ""route_id"", ""company_id"" from ""trips"" where ""trips"".""id"" in ($1, $2, $3, $4, $5, $6, $7, $8, $9, $10, $11, $12, $13, $14, $15, $16, $17, $18, $19, $20, $21, $22, $23, $24, $25, $26, $27, $28, $29, $30, $31, $32, $33, $34, $35, $36, $37, $38, $39, $40, $41, $42, $43, $44, $45, $46, $47, $48, $49, $50, $51, $52, $53, $54, $55, $56, $57, $58, $59, $60, $61, $62, $63, $64, $65, $66, $67, $68, $69, $70, $71, $72, $73, $74, $75, $76, $77, $78, $79, $80, $81, $82, $83, $84, $85, $86, $87, $88, $89, $90, $91, $92, $93, $94, $95, $96, $97, $98, $99, $100, $101, $102, $103, $104, $105, $106, $107, $108, $109, $110, $111, $112, $113, $114, $115, $116, $117, $118, $119, $120, $121, $122, $123, $124, $125, $126, $127, $128, $129, $130, $131, $132, $133, $134, $135, $136, $137, $138, $139, $140, $141, $142, $143, $144, $145, $146, $147, $148, $149, $150, $151, $152, $153, $154, $155, $156, $157, $158, $159, $160, $161, $162, $163, $164, $165, $166, $167, $168, $169, $170, $171, $172, $173, $174, $175, $176, $177, $178, $179, $180, $181, $182, $183, $184, $185, $186, $187, $188, $189, $190, $191, $192, $193, $194, $195, $196, $197, $198, $199, $200, $201, $202, $203, $204, $205, $206, $207, $208, $209, $210, $211, $212, $213, $214, $215, $216, $217, $218, $219, $220, $221, $222, $223, $224, $225, $226, $227, $228, $229, $230, $231, $232, $233, $234, $235, $236, $237, $238, $239, $240, $241, $242, $243, $244, $245, $246, $247, $248, $249, $250, $251, $252, $253, $254, $255, $256, $257, $258, $259, $260, $261, $262, $263, $264)",408,69680.7642249999,58.425292,2389.686488,170.78618682598,145
postgres,"select ""id"", ""first_name"", ""last_name"", ""email"", ""password"", ""role"", ""company"", ""profile_picture"", ""created_at"", ""updated_at"", ""invited_by_id"", ""company_id"", ""commission_percentage"", ""commission_enabled"", ""cash_box_enabled"" from ""users"" where (""users"".""role"" <> $1 and (""users"".""company_id"" = $2 or ""users"".""company"" = $3))",298,50210.6853850001,60.556993,2264.974899,168.492232835571,22
postgres,"select ""id"", ""trip_data"", ""capacity"", ""vehicle_id"", ""driver_id"", ""visibility"", ""route_id"", ""company_id"" from ""trips"" where ""trips"".""id"" in ($1, $2, $3, $4, $5, $6, $7, $8, $9, $10, $11, $12, $13, $14, $15, $16, $17, $18, $19, $20, $21, $22, $23, $24, $25, $26, $27, $28, $29, $30, $31, $32, $33, $34, $35, $36, $37, $38, $39, $40, $41, $42, $43, $44, $45, $46, $47, $48, $49, $50, $51, $52, $53, $54, $55, $56, $57, $58, $59, $60, $61, $62, $63, $64, $65, $66, $67, $68, $69, $70, $71, $72, $73, $74, $75, $76, $77, $78, $79, $80, $81, $82, $83, $84, $85, $86, $87, $88, $89, $90, $91, $92, $93, $94, $95, $96, $97, $98, $99, $100, $101, $102, $103, $104, $105, $106, $107, $108, $109, $110, $111, $112, $113, $114, $115, $116, $117, $118, $119, $120, $121, $122, $123, $124, $125, $126, $127, $128, $129, $130, $131, $132, $133, $134, $135, $136, $137, $138, $139, $140, $141, $142, $143, $144, $145, $146, $147, $148, $149, $150, $151, $152, $153, $154, $155, $156, $157, $158, $159, $160, $161, $162, $163, $164, $165, $166, $167, $168, $169, $170, $171, $172, $173, $174, $175, $176, $177, $178, $179, $180, $181, $182, $183, $184, $185, $186, $187, $188, $189, $190, $191, $192, $193, $194, $195, $196, $197, $198, $199, $200, $201, $202, $203, $204, $205, $206, $207, $208, $209, $210, $211, $212, $213, $214, $215, $216, $217, $218, $219, $220, $221, $222, $223, $224, $225, $226, $227, $228, $229, $230, $231, $232)",191,33391.582201,51.129569,2196.080816,174.825037701571,124
postgres,"select ""id"", ""trip_data"", ""capacity"", ""vehicle_id"", ""driver_id"", ""visibility"", ""route_id"", ""company_id"" from ""trips"" where ""trips"".""id"" in ($1, $2, $3, $4, $5, $6, $7, $8, $9, $10, $11, $12, $13, $14, $15, $16, $17, $18, $19, $20, $21, $22, $23, $24, $25, $26, $27, $28, $29, $30, $31, $32, $33, $34, $35, $36, $37, $38, $39, $40, $41, $42, $43, $44, $45, $46, $47, $48, $49, $50, $51, $52, $53, $54, $55, $56, $57, $58, $59, $60, $61, $62, $63, $64, $65, $66, $67, $68, $69, $70, $71, $72, $73, $74, $75, $76, $77, $78, $79, $80, $81, $82, $83, $84, $85, $86, $87, $88, $89, $90, $91, $92, $93, $94, $95, $96, $97, $98, $99, $100, $101, $102, $103, $104, $105, $106, $107, $108, $109, $110, $111, $112, $113, $114, $115, $116, $117, $118, $119, $120, $121, $122, $123, $124, $125, $126, $127, $128, $129, $130, $131, $132, $133, $134, $135, $136, $137, $138, $139, $140, $141, $142, $143, $144, $145, $146, $147, $148, $149, $150, $151, $152, $153, $154, $155, $156, $157, $158, $159, $160, $161, $162, $163, $164, $165, $166, $167, $168, $169, $170, $171, $172, $173, $174, $175, $176, $177, $178, $179, $180, $181, $182, $183, $184, $185, $186, $187, $188, $189, $190, $191, $192, $193, $194, $195, $196, $197, $198, $199, $200, $201, $202, $203, $204, $205, $206, $207, $208, $209, $210, $211, $212, $213, $214, $215, $216, $217, $218, $219, $220, $221, $222, $223, $224, $225, $226, $227, $228, $229, $230, $231, $232, $233, $234, $235, $236, $237, $238, $239, $240, $241, $242, $243, $244, $245, $246, $247, $248, $249, $250, $251, $252, $253, $254, $255, $256, $257, $258, $259, $260, $261, $262, $263, $264, $265, $266, $267, $268, $269, $270, $271, $272, $273, $274, $275, $276, $277, $278, $279, $280, $281, $282, $283)",77,15654.786156,80.634409,2165.82373,203.308911116883,152
postgres,"select ""id"", ""trip_data"", ""capacity"", ""vehicle_id"", ""driver_id"", ""visibility"", ""route_id"", ""company_id"" from ""trips"" where ""trips"".""id"" in ($1, $2, $3, $4, $5, $6, $7, $8, $9, $10, $11, $12, $13, $14, $15, $16, $17, $18, $19, $20, $21, $22, $23, $24, $25, $26, $27, $28, $29, $30, $31, $32, $33, $34, $35, $36, $37, $38, $39, $40, $41, $42, $43, $44, $45, $46, $47, $48, $49, $50, $51, $52, $53, $54, $55, $56, $57, $58, $59, $60, $61, $62, $63, $64, $65, $66, $67, $68, $69, $70, $71, $72, $73, $74, $75, $76, $77, $78, $79, $80, $81, $82, $83, $84, $85, $86, $87, $88, $89, $90, $91, $92, $93, $94, $95, $96, $97, $98, $99, $100, $101, $102, $103, $104, $105, $106, $107, $108, $109, $110, $111, $112, $113, $114, $115, $116, $117, $118, $119, $120, $121, $122, $123, $124, $125, $126, $127, $128, $129, $130, $131, $132, $133, $134, $135, $136, $137, $138, $139, $140, $141, $142, $143, $144, $145, $146, $147, $148, $149, $150, $151, $152, $153, $154, $155, $156, $157, $158, $159, $160, $161, $162, $163, $164, $165, $166, $167, $168, $169, $170, $171, $172, $173, $174, $175, $176, $177, $178, $179, $180, $181, $182, $183, $184, $185, $186, $187, $188, $189, $190, $191, $192, $193, $194, $195, $196, $197, $198, $199, $200, $201, $202, $203, $204, $205, $206, $207, $208, $209, $210, $211, $212, $213, $214, $215, $216, $217, $218, $219, $220, $221, $222, $223, $224, $225, $226, $227, $228, $229, $230, $231, $232, $233, $234, $235, $236, $237, $238, $239, $240, $241, $242, $243, $244, $245, $246, $247, $248, $249, $250, $251)",202,39040.929084,55.740316,2103.710946,193.271926158416,138
postgres,"select ""id"", ""trip_data"", ""capacity"", ""vehicle_id"", ""driver_id"", ""visibility"", ""route_id"", ""company_id"" from ""trips"" where ""trips"".""id"" in ($1, $2, $3, $4, $5, $6, $7, $8, $9, $10, $11, $12, $13, $14, $15, $16, $17, $18, $19, $20, $21, $22, $23, $24, $25, $26, $27, $28, $29, $30, $31, $32, $33, $34, $35, $36, $37, $38, $39, $40, $41, $42, $43, $44, $45, $46, $47, $48, $49, $50, $51, $52, $53, $54, $55, $56, $57, $58, $59, $60, $61, $62, $63, $64, $65, $66, $67, $68, $69, $70, $71, $72, $73, $74, $75, $76, $77, $78, $79, $80, $81, $82, $83, $84, $85, $86, $87, $88, $89, $90, $91, $92, $93, $94, $95, $96, $97, $98, $99, $100, $101, $102, $103, $104, $105, $106, $107, $108, $109, $110, $111, $112, $113, $114, $115, $116, $117, $118, $119, $120, $121, $122, $123, $124, $125, $126, $127, $128, $129, $130, $131, $132, $133, $134, $135, $136, $137, $138, $139, $140, $141, $142, $143, $144, $145, $146, $147, $148, $149, $150, $151, $152, $153, $154, $155, $156, $157, $158, $159, $160, $161, $162, $163, $164, $165, $166, $167, $168, $169, $170, $171, $172, $173, $174, $175, $176, $177, $178, $179, $180, $181, $182, $183, $184, $185, $186, $187, $188, $189, $190, $191, $192, $193, $194, $195, $196, $197, $198, $199, $200, $201, $202, $203, $204, $205, $206, $207, $208, $209, $210, $211, $212, $213, $214, $215, $216, $217, $218, $219, $220, $221, $222, $223, $224, $225, $226, $227, $228, $229, $230, $231, $232, $233, $234, $235, $236, $237, $238)",588,86554.504116,51.54244,2042.689942,147.201537612245,129
postgres,"select ""id"", ""trip_data"", ""capacity"", ""vehicle_id"", ""driver_id"", ""visibility"", ""route_id"", ""company_id"" from ""trips"" where ""trips"".""id"" in ($1, $2, $3, $4, $5, $6, $7, $8, $9, $10, $11, $12, $13, $14, $15, $16, $17, $18, $19, $20, $21, $22, $23, $24, $25, $26, $27, $28, $29, $30, $31, $32, $33, $34, $35, $36, $37, $38, $39, $40, $41, $42, $43, $44, $45, $46, $47, $48, $49, $50, $51, $52, $53, $54, $55, $56, $57, $58, $59, $60, $61, $62, $63, $64, $65, $66, $67, $68, $69, $70, $71, $72, $73, $74, $75, $76, $77, $78, $79, $80, $81, $82, $83, $84, $85, $86, $87, $88, $89, $90, $91, $92, $93, $94, $95, $96, $97, $98, $99, $100, $101, $102, $103, $104, $105, $106, $107, $108, $109, $110, $111, $112, $113, $114, $115, $116, $117, $118, $119, $120, $121, $122, $123, $124, $125, $126, $127, $128, $129, $130, $131, $132, $133, $134, $135, $136, $137, $138, $139, $140, $141, $142, $143, $144, $145, $146, $147, $148, $149, $150, $151, $152, $153, $154, $155, $156, $157, $158, $159, $160, $161, $162, $163, $164, $165, $166, $167, $168, $169, $170, $171, $172, $173, $174, $175, $176, $177, $178, $179, $180, $181, $182, $183, $184, $185, $186, $187, $188, $189, $190, $191, $192, $193, $194, $195, $196, $197, $198, $199, $200, $201, $202, $203, $204, $205, $206, $207, $208, $209, $210, $211, $212, $213, $214, $215, $216, $217, $218, $219, $220, $221, $222, $223, $224, $225, $226, $227, $228, $229, $230, $231, $232, $233, $234, $235, $236, $237, $238, $239, $240, $241, $242, $243, $244, $245, $246, $247, $248, $249, $250, $251, $252, $253, $254, $255, $256, $257, $258, $259, $260, $261, $262, $263, $264, $265, $266, $267, $268, $269, $270, $271, $272, $273, $274, $275, $276, $277, $278, $279, $280, $281, $282, $283, $284, $285, $286, $287, $288, $289, $290, $291, $292, $293, $294, $295, $296, $297, $298, $299, $300)",37,8476.307138,92.094471,2009.830484,229.089382108108,161
postgres,"select ""id"", ""trip_data"", ""capacity"", ""vehicle_id"", ""driver_id"", ""visibility"", ""route_id"", ""company_id"" from ""trips"" where ""trips"".""id"" in ($1, $2, $3, $4, $5, $6, $7, $8, $9, $10, $11, $12, $13, $14, $15, $16, $17, $18, $19, $20, $21, $22, $23, $24, $25, $26, $27, $28, $29, $30, $31, $32, $33, $34, $35, $36, $37, $38, $39, $40, $41, $42, $43, $44, $45, $46, $47, $48, $49, $50, $51, $52, $53, $54, $55, $56, $57, $58, $59, $60, $61, $62, $63, $64, $65, $66, $67, $68, $69, $70, $71, $72, $73, $74, $75, $76, $77, $78, $79, $80, $81, $82, $83, $84, $85, $86, $87, $88, $89, $90, $91, $92, $93, $94, $95, $96, $97, $98, $99, $100, $101, $102, $103, $104, $105, $106, $107, $108, $109, $110, $111, $112, $113, $114, $115, $116, $117, $118, $119, $120, $121, $122, $123, $124, $125, $126, $127, $128, $129, $130, $131, $132, $133, $134, $135, $136, $137, $138, $139, $140, $141, $142, $143, $144, $145, $146, $147, $148, $149, $150, $151, $152, $153, $154, $155, $156, $157, $158, $159, $160, $161, $162, $163, $164, $165, $166, $167, $168, $169, $170, $171, $172, $173, $174, $175, $176, $177, $178, $179, $180, $181, $182, $183, $184, $185, $186, $187, $188, $189, $190, $191, $192, $193, $194, $195, $196, $197, $198, $199, $200, $201, $202, $203, $204, $205, $206, $207, $208, $209, $210, $211, $212, $213, $214, $215, $216, $217, $218, $219, $220, $221, $222, $223, $224, $225, $226, $227, $228, $229, $230, $231, $232, $233, $234)",95,17408.40459,51.520633,1979.942292,183.246364105263,126